CRITICAL - 2026-06-07 16:38:30 --> ErrorException: require_once(C:\xampp1\htdocs\yesminegharbi\vendor\codeigniter4\framework\system\ThirdParty/Kint/init.php): Failed to open stream: No such file or directory
in SYSTEMPATH\CodeIgniter.php on line 293.
 1 SYSTEMPATH\CodeIgniter.php(293): CodeIgniter\Debug\Exceptions->errorHandler(2, 'require_once(C:\\xampp1\\htdocs\\yesminegharbi\\vendor\\codeigniter4\\framework\\system\\ThirdParty/Kint/init.php): Failed to open stream: No such file or directory', 'C:\\xampp1\\htdocs\\yesminegharbi\\vendor\\codeigniter4\\framework\\system\\CodeIgniter.php', 293)
 2 SYSTEMPATH\CodeIgniter.php(293): require_once()
 3 SYSTEMPATH\CodeIgniter.php(264): CodeIgniter\CodeIgniter->autoloadKint()
 4 SYSTEMPATH\CodeIgniter.php(223): CodeIgniter\CodeIgniter->initializeKint()
 5 ROOTPATH\spark(50): CodeIgniter\CodeIgniter->initialize()
CRITICAL - 2026-06-07 16:38:30 --> ErrorException: Uncaught ErrorException: Undefined property: Config\App::$CSPEnabled in C:\xampp1\htdocs\yesminegharbi\vendor\codeigniter4\framework\system\HTTP\ContentSecurityPolicy.php:247
Stack trace:
#0 C:\xampp1\htdocs\yesminegharbi\vendor\codeigniter4\framework\system\HTTP\ContentSecurityPolicy.php(247): CodeIgniter\Debug\Exceptions->errorHandler(2, 'Undefined prope...', 'C:\\xampp1\\htdoc...', 247)
#1 C:\xampp1\htdocs\yesminegharbi\vendor\codeigniter4\framework\system\Config\Services.php(190): CodeIgniter\HTTP\ContentSecurityPolicy->__construct(Object(Config\ContentSecurityPolicy))
#2 C:\xampp1\htdocs\yesminegharbi\vendor\codeigniter4\framework\system\Config\BaseService.php(258): CodeIgniter\Config\Services::csp(Object(Config\ContentSecurityPolicy), false)
#3 C:\xampp1\htdocs\yesminegharbi\vendor\codeigniter4\framework\system\Config\BaseService.php(199): CodeIgniter\Config\BaseService::__callStatic('csp', Array)
#4 C:\xampp1\htdocs\yesminegharbi\vendor\codeigniter4\framework\system\Config\Services.php(185): CodeIgniter\Config\BaseService::getSharedInstance('csp', NULL)
#5 C:\xampp1\htdocs\yesminegharbi\vendor\codeigniter4\framework\system\Config\BaseService.php(258): CodeIgniter\Config\Services::csp()
#6 C:\xampp1\htdocs\yesminegharbi\vendor\codeigniter4\framework\system\HTTP\Response.php(157): CodeIgniter\Config\BaseService::__callStatic('csp', Array)
#7 C:\xampp1\htdocs\yesminegharbi\vendor\codeigniter4\framework\system\Config\Services.php(585): CodeIgniter\HTTP\Response->__construct(Object(Config\App))
#8 C:\xampp1\htdocs\yesminegharbi\vendor\codeigniter4\framework\system\Config\BaseService.php(258): CodeIgniter\Config\Services::response(Object(Config\App), false)
#9 C:\xampp1\htdocs\yesminegharbi\vendor\codeigniter4\framework\system\Config\BaseService.php(199): CodeIgniter\Config\BaseService::__callStatic('response', Array)
#10 C:\xampp1\htdocs\yesminegharbi\vendor\codeigniter4\framework\system\Config\Services.php(580): CodeIgniter\Config\BaseService::getSharedInstance('response', NULL)
#11 C:\xampp1\htdocs\yesminegharbi\vendor\codeigniter4\framework\system\Config\BaseService.php(258): CodeIgniter\Config\Services::response()
#12 C:\xampp1\htdocs\yesminegharbi\vendor\codeigniter4\framework\system\Debug\Exceptions.php(151): CodeIgniter\Config\BaseService::__callStatic('response', Array)
#13 [internal function]: CodeIgniter\Debug\Exceptions->exceptionHandler(Object(ErrorException))
#14 {main}
  thrown
【Previous Exception】
ErrorException
require_once(C:\xampp1\htdocs\yesminegharbi\vendor\codeigniter4\framework\system\ThirdParty/Kint/init.php): Failed to open stream: No such file or directory
#0 C:\xampp1\htdocs\yesminegharbi\vendor\codeigniter4\framework\system\CodeIgniter.php(293): CodeIgniter\Debug\Exceptions->errorHandler(2, 'require_once(C:...', 'C:\\xampp1\\htdoc...', 293)
#1 C:\xampp1\htdocs\yesminegharbi\vendor\codeigniter4\framework\system\CodeIgniter.php(293): require_once()
#2 C:\xampp1\htdocs\yesminegharbi\vendor\codeigniter4\framework\system\CodeIgniter.php(264): CodeIgniter\CodeIgniter->autoloadKint()
#3 C:\xampp1\htdocs\yesminegharbi\vendor\codeigniter4\framework\system\CodeIgniter.php(223): CodeIgniter\CodeIgniter->initializeKint()
#4 C:\xampp1\htdocs\yesminegharbi\spark(50): CodeIgniter\CodeIgniter->initialize()
#5 {main}
in SYSTEMPATH\HTTP\ContentSecurityPolicy.php on line 247.
 1 [internal function]: CodeIgniter\Debug\Exceptions->shutdownHandler()
CRITICAL - 2026-06-07 16:41:33 --> ErrorException: require_once(C:\xampp1\htdocs\yesminegharbi\vendor\codeigniter4\framework\system\ThirdParty/Kint/init.php): Failed to open stream: No such file or directory
in SYSTEMPATH\CodeIgniter.php on line 293.
 1 SYSTEMPATH\CodeIgniter.php(293): CodeIgniter\Debug\Exceptions->errorHandler(2, 'require_once(C:\\xampp1\\htdocs\\yesminegharbi\\vendor\\codeigniter4\\framework\\system\\ThirdParty/Kint/init.php): Failed to open stream: No such file or directory', 'C:\\xampp1\\htdocs\\yesminegharbi\\vendor\\codeigniter4\\framework\\system\\CodeIgniter.php', 293)
 2 SYSTEMPATH\CodeIgniter.php(293): require_once()
 3 SYSTEMPATH\CodeIgniter.php(264): CodeIgniter\CodeIgniter->autoloadKint()
 4 SYSTEMPATH\CodeIgniter.php(223): CodeIgniter\CodeIgniter->initializeKint()
 5 ROOTPATH\spark(50): CodeIgniter\CodeIgniter->initialize()
CRITICAL - 2026-06-07 16:41:33 --> ErrorException: Uncaught ErrorException: Undefined property: Config\App::$CSPEnabled in C:\xampp1\htdocs\yesminegharbi\vendor\codeigniter4\framework\system\HTTP\ContentSecurityPolicy.php:247
Stack trace:
#0 C:\xampp1\htdocs\yesminegharbi\vendor\codeigniter4\framework\system\HTTP\ContentSecurityPolicy.php(247): CodeIgniter\Debug\Exceptions->errorHandler(2, 'Undefined prope...', 'C:\\xampp1\\htdoc...', 247)
#1 C:\xampp1\htdocs\yesminegharbi\vendor\codeigniter4\framework\system\Config\Services.php(190): CodeIgniter\HTTP\ContentSecurityPolicy->__construct(Object(Config\ContentSecurityPolicy))
#2 C:\xampp1\htdocs\yesminegharbi\vendor\codeigniter4\framework\system\Config\BaseService.php(258): CodeIgniter\Config\Services::csp(Object(Config\ContentSecurityPolicy), false)
#3 C:\xampp1\htdocs\yesminegharbi\vendor\codeigniter4\framework\system\Config\BaseService.php(199): CodeIgniter\Config\BaseService::__callStatic('csp', Array)
#4 C:\xampp1\htdocs\yesminegharbi\vendor\codeigniter4\framework\system\Config\Services.php(185): CodeIgniter\Config\BaseService::getSharedInstance('csp', NULL)
#5 C:\xampp1\htdocs\yesminegharbi\vendor\codeigniter4\framework\system\Config\BaseService.php(258): CodeIgniter\Config\Services::csp()
#6 C:\xampp1\htdocs\yesminegharbi\vendor\codeigniter4\framework\system\HTTP\Response.php(157): CodeIgniter\Config\BaseService::__callStatic('csp', Array)
#7 C:\xampp1\htdocs\yesminegharbi\vendor\codeigniter4\framework\system\Config\Services.php(585): CodeIgniter\HTTP\Response->__construct(Object(Config\App))
#8 C:\xampp1\htdocs\yesminegharbi\vendor\codeigniter4\framework\system\Config\BaseService.php(258): CodeIgniter\Config\Services::response(Object(Config\App), false)
#9 C:\xampp1\htdocs\yesminegharbi\vendor\codeigniter4\framework\system\Config\BaseService.php(199): CodeIgniter\Config\BaseService::__callStatic('response', Array)
#10 C:\xampp1\htdocs\yesminegharbi\vendor\codeigniter4\framework\system\Config\Services.php(580): CodeIgniter\Config\BaseService::getSharedInstance('response', NULL)
#11 C:\xampp1\htdocs\yesminegharbi\vendor\codeigniter4\framework\system\Config\BaseService.php(258): CodeIgniter\Config\Services::response()
#12 C:\xampp1\htdocs\yesminegharbi\vendor\codeigniter4\framework\system\Debug\Exceptions.php(151): CodeIgniter\Config\BaseService::__callStatic('response', Array)
#13 [internal function]: CodeIgniter\Debug\Exceptions->exceptionHandler(Object(ErrorException))
#14 {main}
  thrown
【Previous Exception】
ErrorException
require_once(C:\xampp1\htdocs\yesminegharbi\vendor\codeigniter4\framework\system\ThirdParty/Kint/init.php): Failed to open stream: No such file or directory
#0 C:\xampp1\htdocs\yesminegharbi\vendor\codeigniter4\framework\system\CodeIgniter.php(293): CodeIgniter\Debug\Exceptions->errorHandler(2, 'require_once(C:...', 'C:\\xampp1\\htdoc...', 293)
#1 C:\xampp1\htdocs\yesminegharbi\vendor\codeigniter4\framework\system\CodeIgniter.php(293): require_once()
#2 C:\xampp1\htdocs\yesminegharbi\vendor\codeigniter4\framework\system\CodeIgniter.php(264): CodeIgniter\CodeIgniter->autoloadKint()
#3 C:\xampp1\htdocs\yesminegharbi\vendor\codeigniter4\framework\system\CodeIgniter.php(223): CodeIgniter\CodeIgniter->initializeKint()
#4 C:\xampp1\htdocs\yesminegharbi\spark(50): CodeIgniter\CodeIgniter->initialize()
#5 {main}
in SYSTEMPATH\HTTP\ContentSecurityPolicy.php on line 247.
 1 [internal function]: CodeIgniter\Debug\Exceptions->shutdownHandler()
CRITICAL - 2026-06-07 16:42:12 --> ErrorException: require_once(C:\xampp1\htdocs\yesminegharbi\vendor\codeigniter4\framework\system\ThirdParty/Kint/init.php): Failed to open stream: No such file or directory
in SYSTEMPATH\CodeIgniter.php on line 293.
 1 SYSTEMPATH\CodeIgniter.php(293): CodeIgniter\Debug\Exceptions->errorHandler(2, 'require_once(C:\\xampp1\\htdocs\\yesminegharbi\\vendor\\codeigniter4\\framework\\system\\ThirdParty/Kint/init.php): Failed to open stream: No such file or directory', 'C:\\xampp1\\htdocs\\yesminegharbi\\vendor\\codeigniter4\\framework\\system\\CodeIgniter.php', 293)
 2 SYSTEMPATH\CodeIgniter.php(293): require_once()
 3 SYSTEMPATH\CodeIgniter.php(264): CodeIgniter\CodeIgniter->autoloadKint()
 4 SYSTEMPATH\CodeIgniter.php(223): CodeIgniter\CodeIgniter->initializeKint()
 5 ROOTPATH\spark(50): CodeIgniter\CodeIgniter->initialize()
CRITICAL - 2026-06-07 17:43:06 --> Error: Class "Locale" not found
in SYSTEMPATH\CodeIgniter.php on line 218.
 1 FCPATH\index.php(41): CodeIgniter\CodeIgniter->initialize()
CRITICAL - 2026-06-07 16:43:41 --> Error: Undefined constant Kint\Renderer\AbstractRenderer::SORT_FULL
in SYSTEMPATH\Config\Factories.php on line 218.
 1 SYSTEMPATH\Config\Factories.php(168): CodeIgniter\Config\Factories::createInstance('config', 'Config\\Kint', [])
 2 SYSTEMPATH\Common.php(215): CodeIgniter\Config\Factories::__callStatic('config', [])
 3 SYSTEMPATH\CodeIgniter.php(299): config('Config\\Kint')
 4 SYSTEMPATH\CodeIgniter.php(265): CodeIgniter\CodeIgniter->configureKint()
 5 SYSTEMPATH\CodeIgniter.php(223): CodeIgniter\CodeIgniter->initializeKint()
 6 ROOTPATH\spark(50): CodeIgniter\CodeIgniter->initialize()
CRITICAL - 2026-06-07 17:48:06 --> Error: Class "Locale" not found
in SYSTEMPATH\CodeIgniter.php on line 218.
 1 FCPATH\index.php(41): CodeIgniter\CodeIgniter->initialize()
CRITICAL - 2026-06-07 16:48:22 --> ErrorException: Type of App\Controllers\BaseController::$helpers must not be defined (as in class CodeIgniter\Controller)
in APPPATH\Controllers\BaseController.php on line 15.
 1 [internal function]: CodeIgniter\Debug\Exceptions->shutdownHandler()
CRITICAL - 2026-06-07 16:48:23 --> ErrorException: Type of App\Controllers\BaseController::$helpers must not be defined (as in class CodeIgniter\Controller)
in APPPATH\Controllers\BaseController.php on line 15.
 1 [internal function]: CodeIgniter\Debug\Exceptions->shutdownHandler()
CRITICAL - 2026-06-07 16:48:31 --> ErrorException: Uncaught CodeIgniter\Exceptions\PageNotFoundException: Can't find a route for 'cli: /'. in C:\xampp1\htdocs\yesminegharbi\vendor\codeigniter4\framework\system\CodeIgniter.php:990
Stack trace:
#0 C:\xampp1\htdocs\yesminegharbi\vendor\codeigniter4\framework\system\CodeIgniter.php(990): CodeIgniter\Exceptions\PageNotFoundException::forPageNotFound('Can't find a ro...')
#1 C:\xampp1\htdocs\yesminegharbi\vendor\codeigniter4\framework\system\CodeIgniter.php(370): CodeIgniter\CodeIgniter->display404errors(Object(CodeIgniter\Exceptions\PageNotFoundException))
#2 C:\xampp1\htdocs\yesminegharbi\public\index.php(44): CodeIgniter\CodeIgniter->run()
#3 Command line code(1): require('C:\\xampp1\\htdoc...')
#4 {main}
  thrown
in SYSTEMPATH\CodeIgniter.php on line 990.
 1 [internal function]: CodeIgniter\Debug\Exceptions->shutdownHandler()
CRITICAL - 2026-06-07 17:48:56 --> Error: Class "Locale" not found
in SYSTEMPATH\CodeIgniter.php on line 218.
 1 FCPATH\index.php(41): CodeIgniter\CodeIgniter->initialize()
INFO - 2026-06-07 16:49:24 --> Session: Class initialized using 'CodeIgniter\Session\Handlers\FileHandler' driver.
CRITICAL - 2026-06-07 17:49:29 --> Error: Class "Locale" not found
in SYSTEMPATH\CodeIgniter.php on line 218.
 1 FCPATH\index.php(41): CodeIgniter\CodeIgniter->initialize()
CRITICAL - 2026-06-07 17:49:30 --> Error: Class "Locale" not found
in SYSTEMPATH\CodeIgniter.php on line 218.
 1 FCPATH\index.php(41): CodeIgniter\CodeIgniter->initialize()
CRITICAL - 2026-06-07 17:49:31 --> Error: Class "Locale" not found
in SYSTEMPATH\CodeIgniter.php on line 218.
 1 FCPATH\index.php(41): CodeIgniter\CodeIgniter->initialize()
CRITICAL - 2026-06-07 17:49:48 --> Error: Class "Locale" not found
in SYSTEMPATH\CodeIgniter.php on line 218.
 1 FCPATH\index.php(41): CodeIgniter\CodeIgniter->initialize()
INFO - 2026-06-07 16:50:36 --> Session: Class initialized using 'CodeIgniter\Session\Handlers\FileHandler' driver.
CRITICAL - 2026-06-07 17:50:54 --> Error: Class "Locale" not found
in SYSTEMPATH\CodeIgniter.php on line 218.
 1 FCPATH\index.php(41): CodeIgniter\CodeIgniter->initialize()
CRITICAL - 2026-06-07 17:50:54 --> ErrorException: Uncaught Error: Class "Locale" not found in C:\xampp1\htdocs\yesminegharbi\vendor\codeigniter4\framework\system\Helpers\number_helper.php:137
Stack trace:
#0 C:\xampp1\htdocs\yesminegharbi\vendor\codeigniter4\framework\system\Helpers\number_helper.php(56): format_number(6.0, 2, NULL, Array)
#1 C:\xampp1\htdocs\yesminegharbi\vendor\codeigniter4\framework\system\Debug\BaseExceptionHandler.php(152): number_to_size(6.0, 2)
#2 C:\xampp1\htdocs\yesminegharbi\app\Views\errors\html\error_exception.php(390): CodeIgniter\Debug\BaseExceptionHandler::describeMemory(6291456)
#3 C:\xampp1\htdocs\yesminegharbi\vendor\codeigniter4\framework\system\Debug\BaseExceptionHandler.php(258): include('C:\\xampp1\\htdoc...')
#4 C:\xampp1\htdocs\yesminegharbi\vendor\codeigniter4\framework\system\Debug\BaseExceptionHandler.php(261): CodeIgniter\Debug\BaseExceptionHandler->CodeIgniter\Debug\{closure}()
#5 C:\xampp1\htdocs\yesminegharbi\vendor\codeigniter4\framework\system\Debug\ExceptionHandler.php(112): CodeIgniter\Debug\BaseExceptionHandler->render(Object(Error), 500, 'C:\\xampp1\\htdoc...')
#6 C:\xampp1\htdocs\yesminegharbi\vendor\codeigniter4\framework\system\Debug\Exceptions.php(156): CodeIgniter\Debug\ExceptionHandler->handle(Object(Error), Object(CodeIgniter\HTTP\IncomingRequest), Object(CodeIgniter\HTTP\Response), 500, 1)
#7 [internal function]: CodeIgniter\Debug\Exceptions->exceptionHandler(Object(Error))
#8 {main}
  thrown
【Previous Exception】
Error
Class "Locale" not found
#0 C:\xampp1\htdocs\yesminegharbi\public\index.php(41): CodeIgniter\CodeIgniter->initialize()
#1 {main}
in SYSTEMPATH\Helpers\number_helper.php on line 137.
 1 [internal function]: CodeIgniter\Debug\Exceptions->shutdownHandler()
CRITICAL - 2026-06-07 17:52:00 --> Error: Class "Locale" not found
in SYSTEMPATH\CodeIgniter.php on line 218.
 1 FCPATH\index.php(41): CodeIgniter\CodeIgniter->initialize()
CRITICAL - 2026-06-07 17:52:00 --> ErrorException: Uncaught Error: Class "Locale" not found in C:\xampp1\htdocs\yesminegharbi\vendor\codeigniter4\framework\system\Helpers\number_helper.php:137
Stack trace:
#0 C:\xampp1\htdocs\yesminegharbi\vendor\codeigniter4\framework\system\Helpers\number_helper.php(56): format_number(6.0, 2, NULL, Array)
#1 C:\xampp1\htdocs\yesminegharbi\vendor\codeigniter4\framework\system\Debug\BaseExceptionHandler.php(152): number_to_size(6.0, 2)
#2 C:\xampp1\htdocs\yesminegharbi\app\Views\errors\html\error_exception.php(390): CodeIgniter\Debug\BaseExceptionHandler::describeMemory(6291456)
#3 C:\xampp1\htdocs\yesminegharbi\vendor\codeigniter4\framework\system\Debug\BaseExceptionHandler.php(258): include('C:\\xampp1\\htdoc...')
#4 C:\xampp1\htdocs\yesminegharbi\vendor\codeigniter4\framework\system\Debug\BaseExceptionHandler.php(261): CodeIgniter\Debug\BaseExceptionHandler->CodeIgniter\Debug\{closure}()
#5 C:\xampp1\htdocs\yesminegharbi\vendor\codeigniter4\framework\system\Debug\ExceptionHandler.php(112): CodeIgniter\Debug\BaseExceptionHandler->render(Object(Error), 500, 'C:\\xampp1\\htdoc...')
#6 C:\xampp1\htdocs\yesminegharbi\vendor\codeigniter4\framework\system\Debug\Exceptions.php(156): CodeIgniter\Debug\ExceptionHandler->handle(Object(Error), Object(CodeIgniter\HTTP\IncomingRequest), Object(CodeIgniter\HTTP\Response), 500, 1)
#7 [internal function]: CodeIgniter\Debug\Exceptions->exceptionHandler(Object(Error))
#8 {main}
  thrown
【Previous Exception】
Error
Class "Locale" not found
#0 C:\xampp1\htdocs\yesminegharbi\public\index.php(41): CodeIgniter\CodeIgniter->initialize()
#1 {main}
in SYSTEMPATH\Helpers\number_helper.php on line 137.
 1 [internal function]: CodeIgniter\Debug\Exceptions->shutdownHandler()
CRITICAL - 2026-06-07 17:52:03 --> Error: Class "Locale" not found
in SYSTEMPATH\CodeIgniter.php on line 218.
 1 FCPATH\index.php(41): CodeIgniter\CodeIgniter->initialize()
CRITICAL - 2026-06-07 17:52:03 --> ErrorException: Uncaught Error: Class "Locale" not found in C:\xampp1\htdocs\yesminegharbi\vendor\codeigniter4\framework\system\Helpers\number_helper.php:137
Stack trace:
#0 C:\xampp1\htdocs\yesminegharbi\vendor\codeigniter4\framework\system\Helpers\number_helper.php(56): format_number(6.0, 2, NULL, Array)
#1 C:\xampp1\htdocs\yesminegharbi\vendor\codeigniter4\framework\system\Debug\BaseExceptionHandler.php(152): number_to_size(6.0, 2)
#2 C:\xampp1\htdocs\yesminegharbi\app\Views\errors\html\error_exception.php(390): CodeIgniter\Debug\BaseExceptionHandler::describeMemory(6291456)
#3 C:\xampp1\htdocs\yesminegharbi\vendor\codeigniter4\framework\system\Debug\BaseExceptionHandler.php(258): include('C:\\xampp1\\htdoc...')
#4 C:\xampp1\htdocs\yesminegharbi\vendor\codeigniter4\framework\system\Debug\BaseExceptionHandler.php(261): CodeIgniter\Debug\BaseExceptionHandler->CodeIgniter\Debug\{closure}()
#5 C:\xampp1\htdocs\yesminegharbi\vendor\codeigniter4\framework\system\Debug\ExceptionHandler.php(112): CodeIgniter\Debug\BaseExceptionHandler->render(Object(Error), 500, 'C:\\xampp1\\htdoc...')
#6 C:\xampp1\htdocs\yesminegharbi\vendor\codeigniter4\framework\system\Debug\Exceptions.php(156): CodeIgniter\Debug\ExceptionHandler->handle(Object(Error), Object(CodeIgniter\HTTP\IncomingRequest), Object(CodeIgniter\HTTP\Response), 500, 1)
#7 [internal function]: CodeIgniter\Debug\Exceptions->exceptionHandler(Object(Error))
#8 {main}
  thrown
【Previous Exception】
Error
Class "Locale" not found
#0 C:\xampp1\htdocs\yesminegharbi\public\index.php(41): CodeIgniter\CodeIgniter->initialize()
#1 {main}
in SYSTEMPATH\Helpers\number_helper.php on line 137.
 1 [internal function]: CodeIgniter\Debug\Exceptions->shutdownHandler()
CRITICAL - 2026-06-07 17:53:27 --> Error: Class "Locale" not found
in SYSTEMPATH\CodeIgniter.php on line 218.
 1 FCPATH\index.php(41): CodeIgniter\CodeIgniter->initialize()
CRITICAL - 2026-06-07 17:53:27 --> ErrorException: Uncaught Error: Class "Locale" not found in C:\xampp1\htdocs\yesminegharbi\vendor\codeigniter4\framework\system\Helpers\number_helper.php:137
Stack trace:
#0 C:\xampp1\htdocs\yesminegharbi\vendor\codeigniter4\framework\system\Helpers\number_helper.php(56): format_number(6.0, 2, NULL, Array)
#1 C:\xampp1\htdocs\yesminegharbi\vendor\codeigniter4\framework\system\Debug\BaseExceptionHandler.php(152): number_to_size(6.0, 2)
#2 C:\xampp1\htdocs\yesminegharbi\app\Views\errors\html\error_exception.php(390): CodeIgniter\Debug\BaseExceptionHandler::describeMemory(6291456)
#3 C:\xampp1\htdocs\yesminegharbi\vendor\codeigniter4\framework\system\Debug\BaseExceptionHandler.php(258): include('C:\\xampp1\\htdoc...')
#4 C:\xampp1\htdocs\yesminegharbi\vendor\codeigniter4\framework\system\Debug\BaseExceptionHandler.php(261): CodeIgniter\Debug\BaseExceptionHandler->CodeIgniter\Debug\{closure}()
#5 C:\xampp1\htdocs\yesminegharbi\vendor\codeigniter4\framework\system\Debug\ExceptionHandler.php(112): CodeIgniter\Debug\BaseExceptionHandler->render(Object(Error), 500, 'C:\\xampp1\\htdoc...')
#6 C:\xampp1\htdocs\yesminegharbi\vendor\codeigniter4\framework\system\Debug\Exceptions.php(156): CodeIgniter\Debug\ExceptionHandler->handle(Object(Error), Object(CodeIgniter\HTTP\IncomingRequest), Object(CodeIgniter\HTTP\Response), 500, 1)
#7 [internal function]: CodeIgniter\Debug\Exceptions->exceptionHandler(Object(Error))
#8 {main}
  thrown
【Previous Exception】
Error
Class "Locale" not found
#0 C:\xampp1\htdocs\yesminegharbi\public\index.php(41): CodeIgniter\CodeIgniter->initialize()
#1 {main}
in SYSTEMPATH\Helpers\number_helper.php on line 137.
 1 [internal function]: CodeIgniter\Debug\Exceptions->shutdownHandler()
CRITICAL - 2026-06-07 17:53:42 --> Error: Class "Locale" not found
in SYSTEMPATH\CodeIgniter.php on line 218.
 1 FCPATH\index.php(41): CodeIgniter\CodeIgniter->initialize()
CRITICAL - 2026-06-07 17:53:42 --> ErrorException: Uncaught Error: Class "Locale" not found in C:\xampp1\htdocs\yesminegharbi\vendor\codeigniter4\framework\system\Helpers\number_helper.php:137
Stack trace:
#0 C:\xampp1\htdocs\yesminegharbi\vendor\codeigniter4\framework\system\Helpers\number_helper.php(56): format_number(6.0, 2, NULL, Array)
#1 C:\xampp1\htdocs\yesminegharbi\vendor\codeigniter4\framework\system\Debug\BaseExceptionHandler.php(152): number_to_size(6.0, 2)
#2 C:\xampp1\htdocs\yesminegharbi\app\Views\errors\html\error_exception.php(390): CodeIgniter\Debug\BaseExceptionHandler::describeMemory(6291456)
#3 C:\xampp1\htdocs\yesminegharbi\vendor\codeigniter4\framework\system\Debug\BaseExceptionHandler.php(258): include('C:\\xampp1\\htdoc...')
#4 C:\xampp1\htdocs\yesminegharbi\vendor\codeigniter4\framework\system\Debug\BaseExceptionHandler.php(261): CodeIgniter\Debug\BaseExceptionHandler->CodeIgniter\Debug\{closure}()
#5 C:\xampp1\htdocs\yesminegharbi\vendor\codeigniter4\framework\system\Debug\ExceptionHandler.php(112): CodeIgniter\Debug\BaseExceptionHandler->render(Object(Error), 500, 'C:\\xampp1\\htdoc...')
#6 C:\xampp1\htdocs\yesminegharbi\vendor\codeigniter4\framework\system\Debug\Exceptions.php(156): CodeIgniter\Debug\ExceptionHandler->handle(Object(Error), Object(CodeIgniter\HTTP\IncomingRequest), Object(CodeIgniter\HTTP\Response), 500, 1)
#7 [internal function]: CodeIgniter\Debug\Exceptions->exceptionHandler(Object(Error))
#8 {main}
  thrown
【Previous Exception】
Error
Class "Locale" not found
#0 C:\xampp1\htdocs\yesminegharbi\public\index.php(41): CodeIgniter\CodeIgniter->initialize()
#1 {main}
in SYSTEMPATH\Helpers\number_helper.php on line 137.
 1 [internal function]: CodeIgniter\Debug\Exceptions->shutdownHandler()
CRITICAL - 2026-06-07 17:54:08 --> Error: Class "Locale" not found
in SYSTEMPATH\CodeIgniter.php on line 218.
 1 FCPATH\index.php(41): CodeIgniter\CodeIgniter->initialize()
CRITICAL - 2026-06-07 17:54:08 --> ErrorException: Uncaught Error: Class "Locale" not found in C:\xampp1\htdocs\yesminegharbi\vendor\codeigniter4\framework\system\Helpers\number_helper.php:137
Stack trace:
#0 C:\xampp1\htdocs\yesminegharbi\vendor\codeigniter4\framework\system\Helpers\number_helper.php(56): format_number(6.0, 2, NULL, Array)
#1 C:\xampp1\htdocs\yesminegharbi\vendor\codeigniter4\framework\system\Debug\BaseExceptionHandler.php(152): number_to_size(6.0, 2)
#2 C:\xampp1\htdocs\yesminegharbi\app\Views\errors\html\error_exception.php(390): CodeIgniter\Debug\BaseExceptionHandler::describeMemory(6291456)
#3 C:\xampp1\htdocs\yesminegharbi\vendor\codeigniter4\framework\system\Debug\BaseExceptionHandler.php(258): include('C:\\xampp1\\htdoc...')
#4 C:\xampp1\htdocs\yesminegharbi\vendor\codeigniter4\framework\system\Debug\BaseExceptionHandler.php(261): CodeIgniter\Debug\BaseExceptionHandler->CodeIgniter\Debug\{closure}()
#5 C:\xampp1\htdocs\yesminegharbi\vendor\codeigniter4\framework\system\Debug\ExceptionHandler.php(112): CodeIgniter\Debug\BaseExceptionHandler->render(Object(Error), 500, 'C:\\xampp1\\htdoc...')
#6 C:\xampp1\htdocs\yesminegharbi\vendor\codeigniter4\framework\system\Debug\Exceptions.php(156): CodeIgniter\Debug\ExceptionHandler->handle(Object(Error), Object(CodeIgniter\HTTP\IncomingRequest), Object(CodeIgniter\HTTP\Response), 500, 1)
#7 [internal function]: CodeIgniter\Debug\Exceptions->exceptionHandler(Object(Error))
#8 {main}
  thrown
【Previous Exception】
Error
Class "Locale" not found
#0 C:\xampp1\htdocs\yesminegharbi\public\index.php(41): CodeIgniter\CodeIgniter->initialize()
#1 {main}
in SYSTEMPATH\Helpers\number_helper.php on line 137.
 1 [internal function]: CodeIgniter\Debug\Exceptions->shutdownHandler()
INFO - 2026-06-07 16:58:32 --> Session: Class initialized using 'CodeIgniter\Session\Handlers\FileHandler' driver.
INFO - 2026-06-07 16:58:48 --> Session: Class initialized using 'CodeIgniter\Session\Handlers\FileHandler' driver.
INFO - 2026-06-07 16:58:52 --> Session: Class initialized using 'CodeIgniter\Session\Handlers\FileHandler' driver.
INFO - 2026-06-07 16:58:53 --> Session: Class initialized using 'CodeIgniter\Session\Handlers\FileHandler' driver.
INFO - 2026-06-07 16:58:55 --> Session: Class initialized using 'CodeIgniter\Session\Handlers\FileHandler' driver.
INFO - 2026-06-07 16:58:55 --> Session: Class initialized using 'CodeIgniter\Session\Handlers\FileHandler' driver.
INFO - 2026-06-07 16:58:57 --> Session: Class initialized using 'CodeIgniter\Session\Handlers\FileHandler' driver.
INFO - 2026-06-07 16:59:02 --> Session: Class initialized using 'CodeIgniter\Session\Handlers\FileHandler' driver.
INFO - 2026-06-07 16:59:13 --> Session: Class initialized using 'CodeIgniter\Session\Handlers\FileHandler' driver.
INFO - 2026-06-07 16:59:17 --> Session: Class initialized using 'CodeIgniter\Session\Handlers\FileHandler' driver.
INFO - 2026-06-07 16:59:42 --> Session: Class initialized using 'CodeIgniter\Session\Handlers\FileHandler' driver.
INFO - 2026-06-07 16:59:57 --> Session: Class initialized using 'CodeIgniter\Session\Handlers\FileHandler' driver.
INFO - 2026-06-07 16:59:58 --> Session: Class initialized using 'CodeIgniter\Session\Handlers\FileHandler' driver.
INFO - 2026-06-07 17:00:31 --> Session: Class initialized using 'CodeIgniter\Session\Handlers\FileHandler' driver.
INFO - 2026-06-07 17:00:34 --> Session: Class initialized using 'CodeIgniter\Session\Handlers\FileHandler' driver.
INFO - 2026-06-07 17:00:36 --> Session: Class initialized using 'CodeIgniter\Session\Handlers\FileHandler' driver.
INFO - 2026-06-07 17:05:06 --> Session: Class initialized using 'CodeIgniter\Session\Handlers\FileHandler' driver.
INFO - 2026-06-07 17:05:06 --> Session: Class initialized using 'CodeIgniter\Session\Handlers\FileHandler' driver.
INFO - 2026-06-07 17:05:32 --> Session: Class initialized using 'CodeIgniter\Session\Handlers\FileHandler' driver.
INFO - 2026-06-07 17:05:32 --> Session: Class initialized using 'CodeIgniter\Session\Handlers\FileHandler' driver.
INFO - 2026-06-07 17:05:38 --> Session: Class initialized using 'CodeIgniter\Session\Handlers\FileHandler' driver.
INFO - 2026-06-07 17:05:50 --> Session: Class initialized using 'CodeIgniter\Session\Handlers\FileHandler' driver.
INFO - 2026-06-07 17:06:16 --> Session: Class initialized using 'CodeIgniter\Session\Handlers\FileHandler' driver.
INFO - 2026-06-07 17:06:49 --> Session: Class initialized using 'CodeIgniter\Session\Handlers\FileHandler' driver.
INFO - 2026-06-07 17:06:53 --> Session: Class initialized using 'CodeIgniter\Session\Handlers\FileHandler' driver.
INFO - 2026-06-07 17:06:58 --> Session: Class initialized using 'CodeIgniter\Session\Handlers\FileHandler' driver.
INFO - 2026-06-07 17:07:00 --> Session: Class initialized using 'CodeIgniter\Session\Handlers\FileHandler' driver.
CRITICAL - 2026-06-07 17:07:00 --> ErrorException: Undefined array key "gratuit"
in APPPATH\Views\admin\ressources\index.php on line 16.
 1 APPPATH\Views\admin\ressources\index.php(16): CodeIgniter\Debug\Exceptions->errorHandler(2, 'Undefined array key "gratuit"', 'C:\\xampp1\\htdocs\\yesminegharbi\\app\\Views\\admin\\ressources\\index.php', 16)
 2 SYSTEMPATH\View\View.php(228): include('C:\\xampp1\\htdocs\\yesminegharbi\\app\\Views\\admin\\ressources\\index.php')
 3 SYSTEMPATH\View\View.php(231): CodeIgniter\View\View->CodeIgniter\View\{closure}()
 4 SYSTEMPATH\Common.php(1178): CodeIgniter\View\View->render('admin/ressources/index', [], true)
 5 APPPATH\Controllers\Admin\BaseAdminController.php(24): view('admin/ressources/index', [...])
 6 APPPATH\Controllers\Admin\Ressources.php(18): App\Controllers\Admin\BaseAdminController->render('admin/ressources/index', [...])
 7 SYSTEMPATH\CodeIgniter.php(943): App\Controllers\Admin\Ressources->index()
 8 SYSTEMPATH\CodeIgniter.php(503): CodeIgniter\CodeIgniter->runController(Object(App\Controllers\Admin\Ressources))
 9 SYSTEMPATH\CodeIgniter.php(361): CodeIgniter\CodeIgniter->handleRequest(null, Object(Config\Cache), false)
10 FCPATH\index.php(44): CodeIgniter\CodeIgniter->run()
INFO - 2026-06-07 17:07:06 --> Session: Class initialized using 'CodeIgniter\Session\Handlers\FileHandler' driver.
INFO - 2026-06-07 17:07:07 --> Session: Class initialized using 'CodeIgniter\Session\Handlers\FileHandler' driver.
INFO - 2026-06-07 17:07:09 --> Session: Class initialized using 'CodeIgniter\Session\Handlers\FileHandler' driver.
INFO - 2026-06-07 17:07:13 --> Session: Class initialized using 'CodeIgniter\Session\Handlers\FileHandler' driver.
INFO - 2026-06-07 17:07:32 --> Session: Class initialized using 'CodeIgniter\Session\Handlers\FileHandler' driver.
INFO - 2026-06-07 17:07:35 --> Session: Class initialized using 'CodeIgniter\Session\Handlers\FileHandler' driver.
CRITICAL - 2026-06-07 17:07:35 --> BadMethodCallException: Call to undefined method App\Models\FormationModel::findOrFail
in SYSTEMPATH\Model.php on line 879.
 1 APPPATH\Controllers\Admin\Formations.php(44): CodeIgniter\Model->__call('findOrFail', [...])
 2 SYSTEMPATH\CodeIgniter.php(943): App\Controllers\Admin\Formations->edit(1)
 3 SYSTEMPATH\CodeIgniter.php(503): CodeIgniter\CodeIgniter->runController(Object(App\Controllers\Admin\Formations))
 4 SYSTEMPATH\CodeIgniter.php(361): CodeIgniter\CodeIgniter->handleRequest(null, Object(Config\Cache), false)
 5 FCPATH\index.php(44): CodeIgniter\CodeIgniter->run()
INFO - 2026-06-07 17:08:00 --> Session: Class initialized using 'CodeIgniter\Session\Handlers\FileHandler' driver.
INFO - 2026-06-07 17:08:01 --> Session: Class initialized using 'CodeIgniter\Session\Handlers\FileHandler' driver.
INFO - 2026-06-07 17:08:05 --> Session: Class initialized using 'CodeIgniter\Session\Handlers\FileHandler' driver.
INFO - 2026-06-07 17:08:07 --> Session: Class initialized using 'CodeIgniter\Session\Handlers\FileHandler' driver.
INFO - 2026-06-07 17:08:09 --> Session: Class initialized using 'CodeIgniter\Session\Handlers\FileHandler' driver.
INFO - 2026-06-07 17:08:10 --> Session: Class initialized using 'CodeIgniter\Session\Handlers\FileHandler' driver.
CRITICAL - 2026-06-07 17:08:10 --> BadMethodCallException: Call to undefined method App\Models\FormationModel::findOrFail
in SYSTEMPATH\Model.php on line 879.
 1 APPPATH\Controllers\Admin\Formations.php(44): CodeIgniter\Model->__call('findOrFail', [...])
 2 SYSTEMPATH\CodeIgniter.php(943): App\Controllers\Admin\Formations->edit(1)
 3 SYSTEMPATH\CodeIgniter.php(503): CodeIgniter\CodeIgniter->runController(Object(App\Controllers\Admin\Formations))
 4 SYSTEMPATH\CodeIgniter.php(361): CodeIgniter\CodeIgniter->handleRequest(null, Object(Config\Cache), false)
 5 FCPATH\index.php(44): CodeIgniter\CodeIgniter->run()
INFO - 2026-06-07 17:08:38 --> Session: Class initialized using 'CodeIgniter\Session\Handlers\FileHandler' driver.
INFO - 2026-06-07 17:08:41 --> Session: Class initialized using 'CodeIgniter\Session\Handlers\FileHandler' driver.
INFO - 2026-06-07 17:08:56 --> Session: Class initialized using 'CodeIgniter\Session\Handlers\FileHandler' driver.
INFO - 2026-06-07 17:08:56 --> Session: Class initialized using 'CodeIgniter\Session\Handlers\FileHandler' driver.
INFO - 2026-06-07 17:08:59 --> Session: Class initialized using 'CodeIgniter\Session\Handlers\FileHandler' driver.
INFO - 2026-06-07 17:09:07 --> Session: Class initialized using 'CodeIgniter\Session\Handlers\FileHandler' driver.
INFO - 2026-06-07 17:09:07 --> Session: Class initialized using 'CodeIgniter\Session\Handlers\FileHandler' driver.
INFO - 2026-06-07 17:09:09 --> Session: Class initialized using 'CodeIgniter\Session\Handlers\FileHandler' driver.
INFO - 2026-06-07 17:09:17 --> Session: Class initialized using 'CodeIgniter\Session\Handlers\FileHandler' driver.
INFO - 2026-06-07 17:09:17 --> Session: Class initialized using 'CodeIgniter\Session\Handlers\FileHandler' driver.
INFO - 2026-06-07 17:09:25 --> Session: Class initialized using 'CodeIgniter\Session\Handlers\FileHandler' driver.
CRITICAL - 2026-06-07 17:09:25 --> ErrorException: Undefined array key "gratuit"
in APPPATH\Views\admin\ressources\index.php on line 16.
 1 APPPATH\Views\admin\ressources\index.php(16): CodeIgniter\Debug\Exceptions->errorHandler(2, 'Undefined array key "gratuit"', 'C:\\xampp1\\htdocs\\yesminegharbi\\app\\Views\\admin\\ressources\\index.php', 16)
 2 SYSTEMPATH\View\View.php(228): include('C:\\xampp1\\htdocs\\yesminegharbi\\app\\Views\\admin\\ressources\\index.php')
 3 SYSTEMPATH\View\View.php(231): CodeIgniter\View\View->CodeIgniter\View\{closure}()
 4 SYSTEMPATH\Common.php(1178): CodeIgniter\View\View->render('admin/ressources/index', [], true)
 5 APPPATH\Controllers\Admin\BaseAdminController.php(24): view('admin/ressources/index', [...])
 6 APPPATH\Controllers\Admin\Ressources.php(18): App\Controllers\Admin\BaseAdminController->render('admin/ressources/index', [...])
 7 SYSTEMPATH\CodeIgniter.php(943): App\Controllers\Admin\Ressources->index()
 8 SYSTEMPATH\CodeIgniter.php(503): CodeIgniter\CodeIgniter->runController(Object(App\Controllers\Admin\Ressources))
 9 SYSTEMPATH\CodeIgniter.php(361): CodeIgniter\CodeIgniter->handleRequest(null, Object(Config\Cache), false)
10 FCPATH\index.php(44): CodeIgniter\CodeIgniter->run()
INFO - 2026-06-07 17:09:37 --> Session: Class initialized using 'CodeIgniter\Session\Handlers\FileHandler' driver.
INFO - 2026-06-07 17:09:38 --> Session: Class initialized using 'CodeIgniter\Session\Handlers\FileHandler' driver.
INFO - 2026-06-07 17:09:39 --> Session: Class initialized using 'CodeIgniter\Session\Handlers\FileHandler' driver.
INFO - 2026-06-07 17:09:41 --> Session: Class initialized using 'CodeIgniter\Session\Handlers\FileHandler' driver.
CRITICAL - 2026-06-07 17:09:41 --> ErrorException: Undefined array key "gratuit"
in APPPATH\Views\admin\ressources\index.php on line 16.
 1 APPPATH\Views\admin\ressources\index.php(16): CodeIgniter\Debug\Exceptions->errorHandler(2, 'Undefined array key "gratuit"', 'C:\\xampp1\\htdocs\\yesminegharbi\\app\\Views\\admin\\ressources\\index.php', 16)
 2 SYSTEMPATH\View\View.php(228): include('C:\\xampp1\\htdocs\\yesminegharbi\\app\\Views\\admin\\ressources\\index.php')
 3 SYSTEMPATH\View\View.php(231): CodeIgniter\View\View->CodeIgniter\View\{closure}()
 4 SYSTEMPATH\Common.php(1178): CodeIgniter\View\View->render('admin/ressources/index', [], true)
 5 APPPATH\Controllers\Admin\BaseAdminController.php(24): view('admin/ressources/index', [...])
 6 APPPATH\Controllers\Admin\Ressources.php(18): App\Controllers\Admin\BaseAdminController->render('admin/ressources/index', [...])
 7 SYSTEMPATH\CodeIgniter.php(943): App\Controllers\Admin\Ressources->index()
 8 SYSTEMPATH\CodeIgniter.php(503): CodeIgniter\CodeIgniter->runController(Object(App\Controllers\Admin\Ressources))
 9 SYSTEMPATH\CodeIgniter.php(361): CodeIgniter\CodeIgniter->handleRequest(null, Object(Config\Cache), false)
10 FCPATH\index.php(44): CodeIgniter\CodeIgniter->run()
INFO - 2026-06-07 17:09:44 --> Session: Class initialized using 'CodeIgniter\Session\Handlers\FileHandler' driver.
CRITICAL - 2026-06-07 17:09:44 --> ErrorException: Undefined array key "gratuit"
in APPPATH\Views\admin\ressources\index.php on line 16.
 1 APPPATH\Views\admin\ressources\index.php(16): CodeIgniter\Debug\Exceptions->errorHandler(2, 'Undefined array key "gratuit"', 'C:\\xampp1\\htdocs\\yesminegharbi\\app\\Views\\admin\\ressources\\index.php', 16)
 2 SYSTEMPATH\View\View.php(228): include('C:\\xampp1\\htdocs\\yesminegharbi\\app\\Views\\admin\\ressources\\index.php')
 3 SYSTEMPATH\View\View.php(231): CodeIgniter\View\View->CodeIgniter\View\{closure}()
 4 SYSTEMPATH\Common.php(1178): CodeIgniter\View\View->render('admin/ressources/index', [], true)
 5 APPPATH\Controllers\Admin\BaseAdminController.php(24): view('admin/ressources/index', [...])
 6 APPPATH\Controllers\Admin\Ressources.php(18): App\Controllers\Admin\BaseAdminController->render('admin/ressources/index', [...])
 7 SYSTEMPATH\CodeIgniter.php(943): App\Controllers\Admin\Ressources->index()
 8 SYSTEMPATH\CodeIgniter.php(503): CodeIgniter\CodeIgniter->runController(Object(App\Controllers\Admin\Ressources))
 9 SYSTEMPATH\CodeIgniter.php(361): CodeIgniter\CodeIgniter->handleRequest(null, Object(Config\Cache), false)
10 FCPATH\index.php(44): CodeIgniter\CodeIgniter->run()
INFO - 2026-06-07 17:09:46 --> Session: Class initialized using 'CodeIgniter\Session\Handlers\FileHandler' driver.
INFO - 2026-06-07 17:09:48 --> Session: Class initialized using 'CodeIgniter\Session\Handlers\FileHandler' driver.
INFO - 2026-06-07 17:09:52 --> Session: Class initialized using 'CodeIgniter\Session\Handlers\FileHandler' driver.
INFO - 2026-06-07 17:10:03 --> Session: Class initialized using 'CodeIgniter\Session\Handlers\FileHandler' driver.
INFO - 2026-06-07 17:10:08 --> Session: Class initialized using 'CodeIgniter\Session\Handlers\FileHandler' driver.
INFO - 2026-06-07 17:10:23 --> Session: Class initialized using 'CodeIgniter\Session\Handlers\FileHandler' driver.
INFO - 2026-06-07 17:10:39 --> Session: Class initialized using 'CodeIgniter\Session\Handlers\FileHandler' driver.
INFO - 2026-06-07 17:10:56 --> Session: Class initialized using 'CodeIgniter\Session\Handlers\FileHandler' driver.
INFO - 2026-06-07 17:11:03 --> Session: Class initialized using 'CodeIgniter\Session\Handlers\FileHandler' driver.
INFO - 2026-06-07 17:11:05 --> Session: Class initialized using 'CodeIgniter\Session\Handlers\FileHandler' driver.
INFO - 2026-06-07 17:11:09 --> Session: Class initialized using 'CodeIgniter\Session\Handlers\FileHandler' driver.
INFO - 2026-06-07 17:11:46 --> Session: Class initialized using 'CodeIgniter\Session\Handlers\FileHandler' driver.
INFO - 2026-06-07 17:13:17 --> Session: Class initialized using 'CodeIgniter\Session\Handlers\FileHandler' driver.
INFO - 2026-06-07 17:13:30 --> Session: Class initialized using 'CodeIgniter\Session\Handlers\FileHandler' driver.
INFO - 2026-06-07 17:13:37 --> Session: Class initialized using 'CodeIgniter\Session\Handlers\FileHandler' driver.
INFO - 2026-06-07 17:13:40 --> Session: Class initialized using 'CodeIgniter\Session\Handlers\FileHandler' driver.
INFO - 2026-06-07 17:13:41 --> Session: Class initialized using 'CodeIgniter\Session\Handlers\FileHandler' driver.
INFO - 2026-06-07 17:13:42 --> Session: Class initialized using 'CodeIgniter\Session\Handlers\FileHandler' driver.
INFO - 2026-06-07 17:13:45 --> Session: Class initialized using 'CodeIgniter\Session\Handlers\FileHandler' driver.
INFO - 2026-06-07 17:13:52 --> Session: Class initialized using 'CodeIgniter\Session\Handlers\FileHandler' driver.
INFO - 2026-06-07 17:14:01 --> Session: Class initialized using 'CodeIgniter\Session\Handlers\FileHandler' driver.
INFO - 2026-06-07 17:14:06 --> Session: Class initialized using 'CodeIgniter\Session\Handlers\FileHandler' driver.
INFO - 2026-06-07 17:14:07 --> Session: Class initialized using 'CodeIgniter\Session\Handlers\FileHandler' driver.
INFO - 2026-06-07 17:14:10 --> Session: Class initialized using 'CodeIgniter\Session\Handlers\FileHandler' driver.
INFO - 2026-06-07 17:14:13 --> Session: Class initialized using 'CodeIgniter\Session\Handlers\FileHandler' driver.
INFO - 2026-06-07 17:14:16 --> Session: Class initialized using 'CodeIgniter\Session\Handlers\FileHandler' driver.
INFO - 2026-06-07 17:15:02 --> Session: Class initialized using 'CodeIgniter\Session\Handlers\FileHandler' driver.
INFO - 2026-06-07 17:15:16 --> Session: Class initialized using 'CodeIgniter\Session\Handlers\FileHandler' driver.
INFO - 2026-06-07 17:15:16 --> Session: Class initialized using 'CodeIgniter\Session\Handlers\FileHandler' driver.
INFO - 2026-06-07 17:15:17 --> Session: Class initialized using 'CodeIgniter\Session\Handlers\FileHandler' driver.
INFO - 2026-06-07 17:15:17 --> Session: Class initialized using 'CodeIgniter\Session\Handlers\FileHandler' driver.
INFO - 2026-06-07 17:15:17 --> Session: Class initialized using 'CodeIgniter\Session\Handlers\FileHandler' driver.
INFO - 2026-06-07 17:15:18 --> Session: Class initialized using 'CodeIgniter\Session\Handlers\FileHandler' driver.
INFO - 2026-06-07 17:15:18 --> Session: Class initialized using 'CodeIgniter\Session\Handlers\FileHandler' driver.
INFO - 2026-06-07 17:15:23 --> Session: Class initialized using 'CodeIgniter\Session\Handlers\FileHandler' driver.
INFO - 2026-06-07 17:15:27 --> Session: Class initialized using 'CodeIgniter\Session\Handlers\FileHandler' driver.
INFO - 2026-06-07 17:15:28 --> Session: Class initialized using 'CodeIgniter\Session\Handlers\FileHandler' driver.
INFO - 2026-06-07 17:15:41 --> Session: Class initialized using 'CodeIgniter\Session\Handlers\FileHandler' driver.
INFO - 2026-06-07 17:15:45 --> Session: Class initialized using 'CodeIgniter\Session\Handlers\FileHandler' driver.
INFO - 2026-06-07 17:15:46 --> Session: Class initialized using 'CodeIgniter\Session\Handlers\FileHandler' driver.
INFO - 2026-06-07 17:15:50 --> Session: Class initialized using 'CodeIgniter\Session\Handlers\FileHandler' driver.
INFO - 2026-06-07 17:15:59 --> Session: Class initialized using 'CodeIgniter\Session\Handlers\FileHandler' driver.
INFO - 2026-06-07 17:16:06 --> Session: Class initialized using 'CodeIgniter\Session\Handlers\FileHandler' driver.
INFO - 2026-06-07 17:16:22 --> Session: Class initialized using 'CodeIgniter\Session\Handlers\FileHandler' driver.
INFO - 2026-06-07 17:16:24 --> Session: Class initialized using 'CodeIgniter\Session\Handlers\FileHandler' driver.
INFO - 2026-06-07 17:16:27 --> Session: Class initialized using 'CodeIgniter\Session\Handlers\FileHandler' driver.
INFO - 2026-06-07 17:17:33 --> Session: Class initialized using 'CodeIgniter\Session\Handlers\FileHandler' driver.
INFO - 2026-06-07 17:17:33 --> Session: Class initialized using 'CodeIgniter\Session\Handlers\FileHandler' driver.
INFO - 2026-06-07 17:17:38 --> Session: Class initialized using 'CodeIgniter\Session\Handlers\FileHandler' driver.
INFO - 2026-06-07 17:17:52 --> Session: Class initialized using 'CodeIgniter\Session\Handlers\FileHandler' driver.
INFO - 2026-06-07 17:17:52 --> Session: Class initialized using 'CodeIgniter\Session\Handlers\FileHandler' driver.
INFO - 2026-06-07 17:17:56 --> Session: Class initialized using 'CodeIgniter\Session\Handlers\FileHandler' driver.
INFO - 2026-06-07 17:18:18 --> Session: Class initialized using 'CodeIgniter\Session\Handlers\FileHandler' driver.
INFO - 2026-06-07 17:18:19 --> Session: Class initialized using 'CodeIgniter\Session\Handlers\FileHandler' driver.
INFO - 2026-06-07 17:18:25 --> Session: Class initialized using 'CodeIgniter\Session\Handlers\FileHandler' driver.
INFO - 2026-06-07 17:18:33 --> Session: Class initialized using 'CodeIgniter\Session\Handlers\FileHandler' driver.
INFO - 2026-06-07 17:19:05 --> Session: Class initialized using 'CodeIgniter\Session\Handlers\FileHandler' driver.
INFO - 2026-06-07 17:19:12 --> Session: Class initialized using 'CodeIgniter\Session\Handlers\FileHandler' driver.
INFO - 2026-06-07 17:19:33 --> Session: Class initialized using 'CodeIgniter\Session\Handlers\FileHandler' driver.
INFO - 2026-06-07 17:19:35 --> Session: Class initialized using 'CodeIgniter\Session\Handlers\FileHandler' driver.
INFO - 2026-06-07 17:19:52 --> Session: Class initialized using 'CodeIgniter\Session\Handlers\FileHandler' driver.
INFO - 2026-06-07 17:20:21 --> Session: Class initialized using 'CodeIgniter\Session\Handlers\FileHandler' driver.
INFO - 2026-06-07 17:20:29 --> Session: Class initialized using 'CodeIgniter\Session\Handlers\FileHandler' driver.
INFO - 2026-06-07 17:20:32 --> Session: Class initialized using 'CodeIgniter\Session\Handlers\FileHandler' driver.
INFO - 2026-06-07 17:20:34 --> Session: Class initialized using 'CodeIgniter\Session\Handlers\FileHandler' driver.
INFO - 2026-06-07 17:21:10 --> Session: Class initialized using 'CodeIgniter\Session\Handlers\FileHandler' driver.
INFO - 2026-06-07 17:21:10 --> Session: Class initialized using 'CodeIgniter\Session\Handlers\FileHandler' driver.
INFO - 2026-06-07 17:21:15 --> Session: Class initialized using 'CodeIgniter\Session\Handlers\FileHandler' driver.
INFO - 2026-06-07 17:21:35 --> Session: Class initialized using 'CodeIgniter\Session\Handlers\FileHandler' driver.
INFO - 2026-06-07 17:21:36 --> Session: Class initialized using 'CodeIgniter\Session\Handlers\FileHandler' driver.
INFO - 2026-06-07 17:21:40 --> Session: Class initialized using 'CodeIgniter\Session\Handlers\FileHandler' driver.
INFO - 2026-06-07 17:21:55 --> Session: Class initialized using 'CodeIgniter\Session\Handlers\FileHandler' driver.
INFO - 2026-06-07 17:21:56 --> Session: Class initialized using 'CodeIgniter\Session\Handlers\FileHandler' driver.
INFO - 2026-06-07 17:22:04 --> Session: Class initialized using 'CodeIgniter\Session\Handlers\FileHandler' driver.
INFO - 2026-06-07 17:22:21 --> Session: Class initialized using 'CodeIgniter\Session\Handlers\FileHandler' driver.
INFO - 2026-06-07 17:22:21 --> Session: Class initialized using 'CodeIgniter\Session\Handlers\FileHandler' driver.
INFO - 2026-06-07 17:22:28 --> Session: Class initialized using 'CodeIgniter\Session\Handlers\FileHandler' driver.
INFO - 2026-06-07 17:22:44 --> Session: Class initialized using 'CodeIgniter\Session\Handlers\FileHandler' driver.
INFO - 2026-06-07 17:22:51 --> Session: Class initialized using 'CodeIgniter\Session\Handlers\FileHandler' driver.
INFO - 2026-06-07 17:22:57 --> Session: Class initialized using 'CodeIgniter\Session\Handlers\FileHandler' driver.
INFO - 2026-06-07 17:23:07 --> Session: Class initialized using 'CodeIgniter\Session\Handlers\FileHandler' driver.
INFO - 2026-06-07 17:23:14 --> Session: Class initialized using 'CodeIgniter\Session\Handlers\FileHandler' driver.
INFO - 2026-06-07 17:23:30 --> Session: Class initialized using 'CodeIgniter\Session\Handlers\FileHandler' driver.
INFO - 2026-06-07 17:23:43 --> Session: Class initialized using 'CodeIgniter\Session\Handlers\FileHandler' driver.
INFO - 2026-06-07 17:23:45 --> Session: Class initialized using 'CodeIgniter\Session\Handlers\FileHandler' driver.
INFO - 2026-06-07 17:23:46 --> Session: Class initialized using 'CodeIgniter\Session\Handlers\FileHandler' driver.
INFO - 2026-06-07 17:23:47 --> Session: Class initialized using 'CodeIgniter\Session\Handlers\FileHandler' driver.
INFO - 2026-06-07 17:23:50 --> Session: Class initialized using 'CodeIgniter\Session\Handlers\FileHandler' driver.
INFO - 2026-06-07 17:23:53 --> Session: Class initialized using 'CodeIgniter\Session\Handlers\FileHandler' driver.
INFO - 2026-06-07 17:24:26 --> Session: Class initialized using 'CodeIgniter\Session\Handlers\FileHandler' driver.
INFO - 2026-06-07 17:24:36 --> Session: Class initialized using 'CodeIgniter\Session\Handlers\FileHandler' driver.
INFO - 2026-06-07 17:44:12 --> Session: Class initialized using 'CodeIgniter\Session\Handlers\FileHandler' driver.
INFO - 2026-06-07 17:44:16 --> Session: Class initialized using 'CodeIgniter\Session\Handlers\FileHandler' driver.
INFO - 2026-06-07 17:44:19 --> Session: Class initialized using 'CodeIgniter\Session\Handlers\FileHandler' driver.
INFO - 2026-06-07 17:44:31 --> Session: Class initialized using 'CodeIgniter\Session\Handlers\FileHandler' driver.
INFO - 2026-06-07 17:44:49 --> Session: Class initialized using 'CodeIgniter\Session\Handlers\FileHandler' driver.
INFO - 2026-06-07 17:44:52 --> Session: Class initialized using 'CodeIgniter\Session\Handlers\FileHandler' driver.
INFO - 2026-06-07 17:44:53 --> Session: Class initialized using 'CodeIgniter\Session\Handlers\FileHandler' driver.
INFO - 2026-06-07 17:44:54 --> Session: Class initialized using 'CodeIgniter\Session\Handlers\FileHandler' driver.
INFO - 2026-06-07 17:44:56 --> Session: Class initialized using 'CodeIgniter\Session\Handlers\FileHandler' driver.
INFO - 2026-06-07 17:44:58 --> Session: Class initialized using 'CodeIgniter\Session\Handlers\FileHandler' driver.
INFO - 2026-06-07 17:45:03 --> Session: Class initialized using 'CodeIgniter\Session\Handlers\FileHandler' driver.
INFO - 2026-06-07 17:45:04 --> Session: Class initialized using 'CodeIgniter\Session\Handlers\FileHandler' driver.
INFO - 2026-06-07 17:45:05 --> Session: Class initialized using 'CodeIgniter\Session\Handlers\FileHandler' driver.
INFO - 2026-06-07 17:45:07 --> Session: Class initialized using 'CodeIgniter\Session\Handlers\FileHandler' driver.
INFO - 2026-06-07 17:45:09 --> Session: Class initialized using 'CodeIgniter\Session\Handlers\FileHandler' driver.
INFO - 2026-06-07 17:45:21 --> Session: Class initialized using 'CodeIgniter\Session\Handlers\FileHandler' driver.
INFO - 2026-06-07 17:45:50 --> Session: Class initialized using 'CodeIgniter\Session\Handlers\FileHandler' driver.
INFO - 2026-06-07 17:45:52 --> Session: Class initialized using 'CodeIgniter\Session\Handlers\FileHandler' driver.
INFO - 2026-06-07 17:47:31 --> Session: Class initialized using 'CodeIgniter\Session\Handlers\FileHandler' driver.
INFO - 2026-06-07 17:53:45 --> Session: Class initialized using 'CodeIgniter\Session\Handlers\FileHandler' driver.
INFO - 2026-06-07 17:53:51 --> Session: Class initialized using 'CodeIgniter\Session\Handlers\FileHandler' driver.
CRITICAL - 2026-06-07 17:53:52 --> ErrorException: unlink(C:\xampp1\htdocs\yesminegharbi\writable\debugbar/debugbar_1780849476.496365.json): No such file or directory
in SYSTEMPATH\Debug\Toolbar\Collectors\History.php on line 80.
 1 [internal function]: CodeIgniter\Debug\Exceptions->errorHandler(2, 'unlink(C:\\xampp1\\htdocs\\yesminegharbi\\writable\\debugbar/debugbar_1780849476.496365.json): No such file or directory', 'C:\\xampp1\\htdocs\\yesminegharbi\\vendor\\codeigniter4\\framework\\system\\Debug\\Toolbar\\Collectors\\History.php', 80)
 2 SYSTEMPATH\Debug\Toolbar\Collectors\History.php(80): unlink('C:\\xampp1\\htdocs\\yesminegharbi\\writable\\debugbar/debugbar_1780849476.496365.json')
 3 SYSTEMPATH\Debug\Toolbar.php(496): CodeIgniter\Debug\Toolbar\Collectors\History->setFiles('1780851230.146414', 20)
 4 SYSTEMPATH\Debug\Toolbar.php(475): CodeIgniter\Debug\Toolbar->format([...], 'html')
 5 APPPATH\Config\Events.php(47): CodeIgniter\Debug\Toolbar->respond()
 6 SYSTEMPATH\Events\Events.php(154): CodeIgniter\Events\Events::Config\{closure}()
 7 SYSTEMPATH\CodeIgniter.php(442): CodeIgniter\Events\Events::trigger('pre_system')
 8 SYSTEMPATH\CodeIgniter.php(361): CodeIgniter\CodeIgniter->handleRequest(null, Object(Config\Cache), false)
 9 FCPATH\index.php(44): CodeIgniter\CodeIgniter->run()
INFO - 2026-06-07 17:54:04 --> Session: Class initialized using 'CodeIgniter\Session\Handlers\FileHandler' driver.
CRITICAL - 2026-06-07 17:54:04 --> ParseError: syntax error, unexpected token "public", expecting end of file
in APPPATH\Controllers\Admin\Formations.php on line 203.
 1 SYSTEMPATH\Autoloader\Autoloader.php(290): CodeIgniter\Autoloader\Autoloader->includeFile('C:\\xampp1\\htdocs\\yesminegharbi\\app\\Controllers\\Admin\\Formations.php')
 2 SYSTEMPATH\Autoloader\Autoloader.php(266): CodeIgniter\Autoloader\Autoloader->loadInNamespace('App\\Controllers\\Admin\\Formations')
 3 [internal function]: CodeIgniter\Autoloader\Autoloader->loadClass('App\\Controllers\\Admin\\Formations')
 4 SYSTEMPATH\CodeIgniter.php(901): class_exists('\\App\\Controllers\\Admin\\Formations', true)
 5 SYSTEMPATH\CodeIgniter.php(490): CodeIgniter\CodeIgniter->startController()
 6 SYSTEMPATH\CodeIgniter.php(361): CodeIgniter\CodeIgniter->handleRequest(null, Object(Config\Cache), false)
 7 FCPATH\index.php(44): CodeIgniter\CodeIgniter->run()
INFO - 2026-06-07 17:54:14 --> Session: Class initialized using 'CodeIgniter\Session\Handlers\FileHandler' driver.
INFO - 2026-06-07 17:54:14 --> Session: Class initialized using 'CodeIgniter\Session\Handlers\FileHandler' driver.
INFO - 2026-06-07 17:54:19 --> Session: Class initialized using 'CodeIgniter\Session\Handlers\FileHandler' driver.
INFO - 2026-06-07 17:54:29 --> Session: Class initialized using 'CodeIgniter\Session\Handlers\FileHandler' driver.
INFO - 2026-06-07 17:54:37 --> Session: Class initialized using 'CodeIgniter\Session\Handlers\FileHandler' driver.
INFO - 2026-06-07 17:55:01 --> Session: Class initialized using 'CodeIgniter\Session\Handlers\FileHandler' driver.
INFO - 2026-06-07 17:55:04 --> Session: Class initialized using 'CodeIgniter\Session\Handlers\FileHandler' driver.
INFO - 2026-06-07 17:55:07 --> Session: Class initialized using 'CodeIgniter\Session\Handlers\FileHandler' driver.
INFO - 2026-06-07 17:55:11 --> Session: Class initialized using 'CodeIgniter\Session\Handlers\FileHandler' driver.
INFO - 2026-06-07 17:55:14 --> Session: Class initialized using 'CodeIgniter\Session\Handlers\FileHandler' driver.
INFO - 2026-06-07 17:55:17 --> Session: Class initialized using 'CodeIgniter\Session\Handlers\FileHandler' driver.
INFO - 2026-06-07 17:55:23 --> Session: Class initialized using 'CodeIgniter\Session\Handlers\FileHandler' driver.
INFO - 2026-06-07 17:55:24 --> Session: Class initialized using 'CodeIgniter\Session\Handlers\FileHandler' driver.
INFO - 2026-06-07 17:55:29 --> Session: Class initialized using 'CodeIgniter\Session\Handlers\FileHandler' driver.
INFO - 2026-06-07 17:55:36 --> Session: Class initialized using 'CodeIgniter\Session\Handlers\FileHandler' driver.
INFO - 2026-06-07 17:56:55 --> Session: Class initialized using 'CodeIgniter\Session\Handlers\FileHandler' driver.
INFO - 2026-06-07 17:56:55 --> Session: Class initialized using 'CodeIgniter\Session\Handlers\FileHandler' driver.
INFO - 2026-06-07 17:57:36 --> Session: Class initialized using 'CodeIgniter\Session\Handlers\FileHandler' driver.
INFO - 2026-06-07 17:57:36 --> Session: Class initialized using 'CodeIgniter\Session\Handlers\FileHandler' driver.
INFO - 2026-06-07 17:57:47 --> Session: Class initialized using 'CodeIgniter\Session\Handlers\FileHandler' driver.
INFO - 2026-06-07 17:57:48 --> Session: Class initialized using 'CodeIgniter\Session\Handlers\FileHandler' driver.
INFO - 2026-06-07 17:58:01 --> Session: Class initialized using 'CodeIgniter\Session\Handlers\FileHandler' driver.
INFO - 2026-06-07 17:58:12 --> Session: Class initialized using 'CodeIgniter\Session\Handlers\FileHandler' driver.
INFO - 2026-06-07 17:58:55 --> Session: Class initialized using 'CodeIgniter\Session\Handlers\FileHandler' driver.
INFO - 2026-06-07 17:58:55 --> Session: Class initialized using 'CodeIgniter\Session\Handlers\FileHandler' driver.
INFO - 2026-06-07 17:58:57 --> Session: Class initialized using 'CodeIgniter\Session\Handlers\FileHandler' driver.
INFO - 2026-06-07 17:59:17 --> Session: Class initialized using 'CodeIgniter\Session\Handlers\FileHandler' driver.
INFO - 2026-06-07 17:59:17 --> Session: Class initialized using 'CodeIgniter\Session\Handlers\FileHandler' driver.
INFO - 2026-06-07 17:59:25 --> Session: Class initialized using 'CodeIgniter\Session\Handlers\FileHandler' driver.
INFO - 2026-06-07 17:59:25 --> Session: Class initialized using 'CodeIgniter\Session\Handlers\FileHandler' driver.
INFO - 2026-06-07 17:59:33 --> Session: Class initialized using 'CodeIgniter\Session\Handlers\FileHandler' driver.
INFO - 2026-06-07 17:59:33 --> Session: Class initialized using 'CodeIgniter\Session\Handlers\FileHandler' driver.
INFO - 2026-06-07 17:59:36 --> Session: Class initialized using 'CodeIgniter\Session\Handlers\FileHandler' driver.
INFO - 2026-06-07 17:59:36 --> Session: Class initialized using 'CodeIgniter\Session\Handlers\FileHandler' driver.
INFO - 2026-06-07 17:59:39 --> Session: Class initialized using 'CodeIgniter\Session\Handlers\FileHandler' driver.
INFO - 2026-06-07 17:59:39 --> Session: Class initialized using 'CodeIgniter\Session\Handlers\FileHandler' driver.
INFO - 2026-06-07 18:00:41 --> Session: Class initialized using 'CodeIgniter\Session\Handlers\FileHandler' driver.
INFO - 2026-06-07 18:00:51 --> Session: Class initialized using 'CodeIgniter\Session\Handlers\FileHandler' driver.
INFO - 2026-06-07 18:00:57 --> Session: Class initialized using 'CodeIgniter\Session\Handlers\FileHandler' driver.
INFO - 2026-06-07 18:01:02 --> Session: Class initialized using 'CodeIgniter\Session\Handlers\FileHandler' driver.
INFO - 2026-06-07 18:01:02 --> Session: Class initialized using 'CodeIgniter\Session\Handlers\FileHandler' driver.
INFO - 2026-06-07 18:01:04 --> Session: Class initialized using 'CodeIgniter\Session\Handlers\FileHandler' driver.
INFO - 2026-06-07 18:01:20 --> Session: Class initialized using 'CodeIgniter\Session\Handlers\FileHandler' driver.
INFO - 2026-06-07 18:01:27 --> Session: Class initialized using 'CodeIgniter\Session\Handlers\FileHandler' driver.
INFO - 2026-06-07 18:01:29 --> Session: Class initialized using 'CodeIgniter\Session\Handlers\FileHandler' driver.
INFO - 2026-06-07 18:01:30 --> Session: Class initialized using 'CodeIgniter\Session\Handlers\FileHandler' driver.
INFO - 2026-06-07 18:01:38 --> Session: Class initialized using 'CodeIgniter\Session\Handlers\FileHandler' driver.
INFO - 2026-06-07 18:01:52 --> Session: Class initialized using 'CodeIgniter\Session\Handlers\FileHandler' driver.
INFO - 2026-06-07 18:01:54 --> Session: Class initialized using 'CodeIgniter\Session\Handlers\FileHandler' driver.
INFO - 2026-06-07 18:02:38 --> Session: Class initialized using 'CodeIgniter\Session\Handlers\FileHandler' driver.
INFO - 2026-06-07 18:02:46 --> Session: Class initialized using 'CodeIgniter\Session\Handlers\FileHandler' driver.
INFO - 2026-06-07 18:03:06 --> Session: Class initialized using 'CodeIgniter\Session\Handlers\FileHandler' driver.
INFO - 2026-06-07 18:03:12 --> Session: Class initialized using 'CodeIgniter\Session\Handlers\FileHandler' driver.
INFO - 2026-06-07 18:03:14 --> Session: Class initialized using 'CodeIgniter\Session\Handlers\FileHandler' driver.
INFO - 2026-06-07 18:03:25 --> Session: Class initialized using 'CodeIgniter\Session\Handlers\FileHandler' driver.
INFO - 2026-06-07 18:03:27 --> Session: Class initialized using 'CodeIgniter\Session\Handlers\FileHandler' driver.
INFO - 2026-06-07 18:03:33 --> Session: Class initialized using 'CodeIgniter\Session\Handlers\FileHandler' driver.
INFO - 2026-06-07 18:03:40 --> Session: Class initialized using 'CodeIgniter\Session\Handlers\FileHandler' driver.
INFO - 2026-06-07 18:04:55 --> Session: Class initialized using 'CodeIgniter\Session\Handlers\FileHandler' driver.
INFO - 2026-06-07 18:05:21 --> Session: Class initialized using 'CodeIgniter\Session\Handlers\FileHandler' driver.
INFO - 2026-06-07 18:05:24 --> Session: Class initialized using 'CodeIgniter\Session\Handlers\FileHandler' driver.
INFO - 2026-06-07 18:05:35 --> Session: Class initialized using 'CodeIgniter\Session\Handlers\FileHandler' driver.
INFO - 2026-06-07 18:08:36 --> Session: Class initialized using 'CodeIgniter\Session\Handlers\FileHandler' driver.
INFO - 2026-06-07 18:08:58 --> Session: Class initialized using 'CodeIgniter\Session\Handlers\FileHandler' driver.
INFO - 2026-06-07 18:09:02 --> Session: Class initialized using 'CodeIgniter\Session\Handlers\FileHandler' driver.
INFO - 2026-06-07 18:09:04 --> Session: Class initialized using 'CodeIgniter\Session\Handlers\FileHandler' driver.
INFO - 2026-06-07 18:09:06 --> Session: Class initialized using 'CodeIgniter\Session\Handlers\FileHandler' driver.
INFO - 2026-06-07 18:09:19 --> Session: Class initialized using 'CodeIgniter\Session\Handlers\FileHandler' driver.
INFO - 2026-06-07 18:09:21 --> Session: Class initialized using 'CodeIgniter\Session\Handlers\FileHandler' driver.
INFO - 2026-06-07 18:09:25 --> Session: Class initialized using 'CodeIgniter\Session\Handlers\FileHandler' driver.
INFO - 2026-06-07 18:10:54 --> Session: Class initialized using 'CodeIgniter\Session\Handlers\FileHandler' driver.
INFO - 2026-06-07 18:11:18 --> Session: Class initialized using 'CodeIgniter\Session\Handlers\FileHandler' driver.
INFO - 2026-06-07 18:12:11 --> Session: Class initialized using 'CodeIgniter\Session\Handlers\FileHandler' driver.
INFO - 2026-06-07 18:13:26 --> Session: Class initialized using 'CodeIgniter\Session\Handlers\FileHandler' driver.
INFO - 2026-06-07 18:15:04 --> Session: Class initialized using 'CodeIgniter\Session\Handlers\FileHandler' driver.
INFO - 2026-06-07 18:16:08 --> Session: Class initialized using 'CodeIgniter\Session\Handlers\FileHandler' driver.
INFO - 2026-06-07 18:16:12 --> Session: Class initialized using 'CodeIgniter\Session\Handlers\FileHandler' driver.
INFO - 2026-06-07 18:21:38 --> Session: Class initialized using 'CodeIgniter\Session\Handlers\FileHandler' driver.
INFO - 2026-06-07 18:21:38 --> Session: Class initialized using 'CodeIgniter\Session\Handlers\FileHandler' driver.
INFO - 2026-06-07 18:21:44 --> Session: Class initialized using 'CodeIgniter\Session\Handlers\FileHandler' driver.
INFO - 2026-06-07 18:22:09 --> Session: Class initialized using 'CodeIgniter\Session\Handlers\FileHandler' driver.
INFO - 2026-06-07 18:22:21 --> Session: Class initialized using 'CodeIgniter\Session\Handlers\FileHandler' driver.
INFO - 2026-06-07 18:22:24 --> Session: Class initialized using 'CodeIgniter\Session\Handlers\FileHandler' driver.
INFO - 2026-06-07 18:22:30 --> Session: Class initialized using 'CodeIgniter\Session\Handlers\FileHandler' driver.
INFO - 2026-06-07 18:22:39 --> Session: Class initialized using 'CodeIgniter\Session\Handlers\FileHandler' driver.
INFO - 2026-06-07 18:24:21 --> Session: Class initialized using 'CodeIgniter\Session\Handlers\FileHandler' driver.
INFO - 2026-06-07 20:04:05 --> Session: Class initialized using 'CodeIgniter\Session\Handlers\FileHandler' driver.
INFO - 2026-06-07 20:04:26 --> Session: Class initialized using 'CodeIgniter\Session\Handlers\FileHandler' driver.
INFO - 2026-06-07 20:04:35 --> Session: Class initialized using 'CodeIgniter\Session\Handlers\FileHandler' driver.
INFO - 2026-06-07 20:07:16 --> Session: Class initialized using 'CodeIgniter\Session\Handlers\FileHandler' driver.
INFO - 2026-06-07 20:09:56 --> Session: Class initialized using 'CodeIgniter\Session\Handlers\FileHandler' driver.
INFO - 2026-06-07 20:10:07 --> Session: Class initialized using 'CodeIgniter\Session\Handlers\FileHandler' driver.
INFO - 2026-06-07 20:12:30 --> Session: Class initialized using 'CodeIgniter\Session\Handlers\FileHandler' driver.
INFO - 2026-06-07 20:14:07 --> Session: Class initialized using 'CodeIgniter\Session\Handlers\FileHandler' driver.
INFO - 2026-06-07 20:15:52 --> Session: Class initialized using 'CodeIgniter\Session\Handlers\FileHandler' driver.
INFO - 2026-06-07 20:16:09 --> Session: Class initialized using 'CodeIgniter\Session\Handlers\FileHandler' driver.
INFO - 2026-06-07 20:16:30 --> Session: Class initialized using 'CodeIgniter\Session\Handlers\FileHandler' driver.
INFO - 2026-06-07 20:16:42 --> Session: Class initialized using 'CodeIgniter\Session\Handlers\FileHandler' driver.
INFO - 2026-06-07 20:18:01 --> Session: Class initialized using 'CodeIgniter\Session\Handlers\FileHandler' driver.
INFO - 2026-06-07 20:18:42 --> Session: Class initialized using 'CodeIgniter\Session\Handlers\FileHandler' driver.
INFO - 2026-06-07 20:18:47 --> Session: Class initialized using 'CodeIgniter\Session\Handlers\FileHandler' driver.
INFO - 2026-06-07 20:21:59 --> Session: Class initialized using 'CodeIgniter\Session\Handlers\FileHandler' driver.
INFO - 2026-06-07 20:22:13 --> Session: Class initialized using 'CodeIgniter\Session\Handlers\FileHandler' driver.
INFO - 2026-06-07 20:22:17 --> Session: Class initialized using 'CodeIgniter\Session\Handlers\FileHandler' driver.
INFO - 2026-06-07 20:22:21 --> Session: Class initialized using 'CodeIgniter\Session\Handlers\FileHandler' driver.
INFO - 2026-06-07 20:22:28 --> Session: Class initialized using 'CodeIgniter\Session\Handlers\FileHandler' driver.
INFO - 2026-06-07 20:22:32 --> Session: Class initialized using 'CodeIgniter\Session\Handlers\FileHandler' driver.
INFO - 2026-06-07 20:23:05 --> Session: Class initialized using 'CodeIgniter\Session\Handlers\FileHandler' driver.
INFO - 2026-06-07 20:23:07 --> Session: Class initialized using 'CodeIgniter\Session\Handlers\FileHandler' driver.
INFO - 2026-06-07 20:25:42 --> Session: Class initialized using 'CodeIgniter\Session\Handlers\FileHandler' driver.
INFO - 2026-06-07 20:25:42 --> Session: Class initialized using 'CodeIgniter\Session\Handlers\FileHandler' driver.
INFO - 2026-06-07 20:25:57 --> Session: Class initialized using 'CodeIgniter\Session\Handlers\FileHandler' driver.
INFO - 2026-06-07 20:27:31 --> Session: Class initialized using 'CodeIgniter\Session\Handlers\FileHandler' driver.
INFO - 2026-06-07 20:27:58 --> Session: Class initialized using 'CodeIgniter\Session\Handlers\FileHandler' driver.
INFO - 2026-06-07 20:28:04 --> Session: Class initialized using 'CodeIgniter\Session\Handlers\FileHandler' driver.
INFO - 2026-06-07 20:29:20 --> Session: Class initialized using 'CodeIgniter\Session\Handlers\FileHandler' driver.
INFO - 2026-06-07 20:29:40 --> Session: Class initialized using 'CodeIgniter\Session\Handlers\FileHandler' driver.
INFO - 2026-06-07 20:30:54 --> Session: Class initialized using 'CodeIgniter\Session\Handlers\FileHandler' driver.
INFO - 2026-06-07 20:31:18 --> Session: Class initialized using 'CodeIgniter\Session\Handlers\FileHandler' driver.
INFO - 2026-06-07 20:31:28 --> Session: Class initialized using 'CodeIgniter\Session\Handlers\FileHandler' driver.
INFO - 2026-06-07 20:32:02 --> Session: Class initialized using 'CodeIgniter\Session\Handlers\FileHandler' driver.
INFO - 2026-06-07 20:32:07 --> Session: Class initialized using 'CodeIgniter\Session\Handlers\FileHandler' driver.
INFO - 2026-06-07 20:32:10 --> Session: Class initialized using 'CodeIgniter\Session\Handlers\FileHandler' driver.
INFO - 2026-06-07 20:32:11 --> Session: Class initialized using 'CodeIgniter\Session\Handlers\FileHandler' driver.
INFO - 2026-06-07 20:32:51 --> Session: Class initialized using 'CodeIgniter\Session\Handlers\FileHandler' driver.
INFO - 2026-06-07 20:33:43 --> Session: Class initialized using 'CodeIgniter\Session\Handlers\FileHandler' driver.
INFO - 2026-06-07 20:33:59 --> Session: Class initialized using 'CodeIgniter\Session\Handlers\FileHandler' driver.
INFO - 2026-06-07 20:34:52 --> Session: Class initialized using 'CodeIgniter\Session\Handlers\FileHandler' driver.
INFO - 2026-06-07 20:34:59 --> Session: Class initialized using 'CodeIgniter\Session\Handlers\FileHandler' driver.
INFO - 2026-06-07 20:34:59 --> Session: Class initialized using 'CodeIgniter\Session\Handlers\FileHandler' driver.
INFO - 2026-06-07 20:35:05 --> Session: Class initialized using 'CodeIgniter\Session\Handlers\FileHandler' driver.
INFO - 2026-06-07 20:35:44 --> Session: Class initialized using 'CodeIgniter\Session\Handlers\FileHandler' driver.
INFO - 2026-06-07 20:35:46 --> Session: Class initialized using 'CodeIgniter\Session\Handlers\FileHandler' driver.
INFO - 2026-06-07 20:37:53 --> Session: Class initialized using 'CodeIgniter\Session\Handlers\FileHandler' driver.
INFO - 2026-06-07 20:39:01 --> Session: Class initialized using 'CodeIgniter\Session\Handlers\FileHandler' driver.
INFO - 2026-06-07 20:40:06 --> Session: Class initialized using 'CodeIgniter\Session\Handlers\FileHandler' driver.
<<<<<<< HEAD
INFO - 2026-06-07 21:29:56 --> Session: Class initialized using 'CodeIgniter\Session\Handlers\FileHandler' driver.
ERROR - 2026-06-07 21:29:56 --> Error connecting to the database: mysqli_sql_exception: Connection refused in /Applications/MAMP/htdocs/yesminegharbi/vendor/codeigniter4/framework/system/Database/MySQLi/Connection.php:184
Stack trace:
#0 /Applications/MAMP/htdocs/yesminegharbi/vendor/codeigniter4/framework/system/Database/MySQLi/Connection.php(184): mysqli->real_connect('127.0.0.1', 'root', Object(SensitiveParameterValue), 'YGBD', 3307, '', 0)
#1 /Applications/MAMP/htdocs/yesminegharbi/vendor/codeigniter4/framework/system/Database/BaseConnection.php(392): CodeIgniter\Database\MySQLi\Connection->connect(false)
#2 /Applications/MAMP/htdocs/yesminegharbi/vendor/codeigniter4/framework/system/Database/BaseConnection.php(575): CodeIgniter\Database\BaseConnection->initialize()
#3 /Applications/MAMP/htdocs/yesminegharbi/vendor/codeigniter4/framework/system/Database/BaseBuilder.php(1616): CodeIgniter\Database\BaseConnection->query('SELECT *\nFROM `...', Array, false)
#4 /Applications/MAMP/htdocs/yesminegharbi/vendor/codeigniter4/framework/system/Model.php(243): CodeIgniter\Database\BaseBuilder->get()
#5 /Applications/MAMP/htdocs/yesminegharbi/vendor/codeigniter4/framework/system/BaseModel.php(641): CodeIgniter\Model->doFindAll(3, 0)
#6 /Applications/MAMP/htdocs/yesminegharbi/app/Models/FormationModel.php(23): CodeIgniter\BaseModel->findAll(3)
#7 /Applications/MAMP/htdocs/yesminegharbi/app/Controllers/Home.php(20): App\Models\FormationModel->getAll(3)
#8 /Applications/MAMP/htdocs/yesminegharbi/vendor/codeigniter4/framework/system/CodeIgniter.php(943): App\Controllers\Home->index()
#9 /Applications/MAMP/htdocs/yesminegharbi/vendor/codeigniter4/framework/system/CodeIgniter.php(503): CodeIgniter\CodeIgniter->runController(Object(App\Controllers\Home))
#10 /Applications/MAMP/htdocs/yesminegharbi/vendor/codeigniter4/framework/system/CodeIgniter.php(361): CodeIgniter\CodeIgniter->handleRequest(NULL, Object(Config\Cache), false)
#11 /Applications/MAMP/htdocs/yesminegharbi/public/index.php(44): CodeIgniter\CodeIgniter->run()
#12 {main}

Next CodeIgniter\Database\Exceptions\DatabaseException: Connection refused in /Applications/MAMP/htdocs/yesminegharbi/vendor/codeigniter4/framework/system/Database/MySQLi/Connection.php:229
Stack trace:
#0 /Applications/MAMP/htdocs/yesminegharbi/vendor/codeigniter4/framework/system/Database/BaseConnection.php(392): CodeIgniter\Database\MySQLi\Connection->connect(false)
#1 /Applications/MAMP/htdocs/yesminegharbi/vendor/codeigniter4/framework/system/Database/BaseConnection.php(575): CodeIgniter\Database\BaseConnection->initialize()
#2 /Applications/MAMP/htdocs/yesminegharbi/vendor/codeigniter4/framework/system/Database/BaseBuilder.php(1616): CodeIgniter\Database\BaseConnection->query('SELECT *\nFROM `...', Array, false)
#3 /Applications/MAMP/htdocs/yesminegharbi/vendor/codeigniter4/framework/system/Model.php(243): CodeIgniter\Database\BaseBuilder->get()
#4 /Applications/MAMP/htdocs/yesminegharbi/vendor/codeigniter4/framework/system/BaseModel.php(641): CodeIgniter\Model->doFindAll(3, 0)
#5 /Applications/MAMP/htdocs/yesminegharbi/app/Models/FormationModel.php(23): CodeIgniter\BaseModel->findAll(3)
#6 /Applications/MAMP/htdocs/yesminegharbi/app/Controllers/Home.php(20): App\Models\FormationModel->getAll(3)
#7 /Applications/MAMP/htdocs/yesminegharbi/vendor/codeigniter4/framework/system/CodeIgniter.php(943): App\Controllers\Home->index()
#8 /Applications/MAMP/htdocs/yesminegharbi/vendor/codeigniter4/framework/system/CodeIgniter.php(503): CodeIgniter\CodeIgniter->runController(Object(App\Controllers\Home))
#9 /Applications/MAMP/htdocs/yesminegharbi/vendor/codeigniter4/framework/system/CodeIgniter.php(361): CodeIgniter\CodeIgniter->handleRequest(NULL, Object(Config\Cache), false)
#10 /Applications/MAMP/htdocs/yesminegharbi/public/index.php(44): CodeIgniter\CodeIgniter->run()
#11 {main}
CRITICAL - 2026-06-07 21:29:56 --> CodeIgniter\Database\Exceptions\DatabaseException: Unable to connect to the database.
Main connection [MySQLi]: Connection refused
in SYSTEMPATH/Database/BaseConnection.php on line 428.
 1 SYSTEMPATH/Database/BaseConnection.php(575): CodeIgniter\Database\BaseConnection->initialize()
 2 SYSTEMPATH/Database/BaseBuilder.php(1616): CodeIgniter\Database\BaseConnection->query('SELECT *
FROM `formations`
ORDER BY `sort_order` ASC, `created_at` DESC
 LIMIT 3', [], false)
 3 SYSTEMPATH/Model.php(243): CodeIgniter\Database\BaseBuilder->get()
 4 SYSTEMPATH/BaseModel.php(641): CodeIgniter\Model->doFindAll(3, 0)
 5 APPPATH/Models/FormationModel.php(23): CodeIgniter\BaseModel->findAll(3)
 6 APPPATH/Controllers/Home.php(20): App\Models\FormationModel->getAll(3)
 7 SYSTEMPATH/CodeIgniter.php(943): App\Controllers\Home->index()
 8 SYSTEMPATH/CodeIgniter.php(503): CodeIgniter\CodeIgniter->runController(Object(App\Controllers\Home))
 9 SYSTEMPATH/CodeIgniter.php(361): CodeIgniter\CodeIgniter->handleRequest(null, Object(Config\Cache), false)
10 FCPATH/index.php(44): CodeIgniter\CodeIgniter->run()
INFO - 2026-06-07 21:30:07 --> Session: Class initialized using 'CodeIgniter\Session\Handlers\FileHandler' driver.
ERROR - 2026-06-07 21:30:07 --> Error connecting to the database: mysqli_sql_exception: Connection refused in /Applications/MAMP/htdocs/yesminegharbi/vendor/codeigniter4/framework/system/Database/MySQLi/Connection.php:184
Stack trace:
#0 /Applications/MAMP/htdocs/yesminegharbi/vendor/codeigniter4/framework/system/Database/MySQLi/Connection.php(184): mysqli->real_connect('127.0.0.1', 'root', Object(SensitiveParameterValue), 'YGBD', 3307, '', 0)
#1 /Applications/MAMP/htdocs/yesminegharbi/vendor/codeigniter4/framework/system/Database/BaseConnection.php(392): CodeIgniter\Database\MySQLi\Connection->connect(false)
#2 /Applications/MAMP/htdocs/yesminegharbi/vendor/codeigniter4/framework/system/Database/BaseConnection.php(575): CodeIgniter\Database\BaseConnection->initialize()
#3 /Applications/MAMP/htdocs/yesminegharbi/vendor/codeigniter4/framework/system/Database/BaseBuilder.php(1616): CodeIgniter\Database\BaseConnection->query('SELECT *\nFROM `...', Array, false)
#4 /Applications/MAMP/htdocs/yesminegharbi/vendor/codeigniter4/framework/system/Model.php(243): CodeIgniter\Database\BaseBuilder->get()
#5 /Applications/MAMP/htdocs/yesminegharbi/vendor/codeigniter4/framework/system/BaseModel.php(641): CodeIgniter\Model->doFindAll(3, 0)
#6 /Applications/MAMP/htdocs/yesminegharbi/app/Models/FormationModel.php(23): CodeIgniter\BaseModel->findAll(3)
#7 /Applications/MAMP/htdocs/yesminegharbi/app/Controllers/Home.php(20): App\Models\FormationModel->getAll(3)
#8 /Applications/MAMP/htdocs/yesminegharbi/vendor/codeigniter4/framework/system/CodeIgniter.php(943): App\Controllers\Home->index()
#9 /Applications/MAMP/htdocs/yesminegharbi/vendor/codeigniter4/framework/system/CodeIgniter.php(503): CodeIgniter\CodeIgniter->runController(Object(App\Controllers\Home))
#10 /Applications/MAMP/htdocs/yesminegharbi/vendor/codeigniter4/framework/system/CodeIgniter.php(361): CodeIgniter\CodeIgniter->handleRequest(NULL, Object(Config\Cache), false)
#11 /Applications/MAMP/htdocs/yesminegharbi/public/index.php(44): CodeIgniter\CodeIgniter->run()
#12 {main}

Next CodeIgniter\Database\Exceptions\DatabaseException: Connection refused in /Applications/MAMP/htdocs/yesminegharbi/vendor/codeigniter4/framework/system/Database/MySQLi/Connection.php:229
Stack trace:
#0 /Applications/MAMP/htdocs/yesminegharbi/vendor/codeigniter4/framework/system/Database/BaseConnection.php(392): CodeIgniter\Database\MySQLi\Connection->connect(false)
#1 /Applications/MAMP/htdocs/yesminegharbi/vendor/codeigniter4/framework/system/Database/BaseConnection.php(575): CodeIgniter\Database\BaseConnection->initialize()
#2 /Applications/MAMP/htdocs/yesminegharbi/vendor/codeigniter4/framework/system/Database/BaseBuilder.php(1616): CodeIgniter\Database\BaseConnection->query('SELECT *\nFROM `...', Array, false)
#3 /Applications/MAMP/htdocs/yesminegharbi/vendor/codeigniter4/framework/system/Model.php(243): CodeIgniter\Database\BaseBuilder->get()
#4 /Applications/MAMP/htdocs/yesminegharbi/vendor/codeigniter4/framework/system/BaseModel.php(641): CodeIgniter\Model->doFindAll(3, 0)
#5 /Applications/MAMP/htdocs/yesminegharbi/app/Models/FormationModel.php(23): CodeIgniter\BaseModel->findAll(3)
#6 /Applications/MAMP/htdocs/yesminegharbi/app/Controllers/Home.php(20): App\Models\FormationModel->getAll(3)
#7 /Applications/MAMP/htdocs/yesminegharbi/vendor/codeigniter4/framework/system/CodeIgniter.php(943): App\Controllers\Home->index()
#8 /Applications/MAMP/htdocs/yesminegharbi/vendor/codeigniter4/framework/system/CodeIgniter.php(503): CodeIgniter\CodeIgniter->runController(Object(App\Controllers\Home))
#9 /Applications/MAMP/htdocs/yesminegharbi/vendor/codeigniter4/framework/system/CodeIgniter.php(361): CodeIgniter\CodeIgniter->handleRequest(NULL, Object(Config\Cache), false)
#10 /Applications/MAMP/htdocs/yesminegharbi/public/index.php(44): CodeIgniter\CodeIgniter->run()
#11 {main}
CRITICAL - 2026-06-07 21:30:07 --> CodeIgniter\Database\Exceptions\DatabaseException: Unable to connect to the database.
Main connection [MySQLi]: Connection refused
in SYSTEMPATH/Database/BaseConnection.php on line 428.
 1 SYSTEMPATH/Database/BaseConnection.php(575): CodeIgniter\Database\BaseConnection->initialize()
 2 SYSTEMPATH/Database/BaseBuilder.php(1616): CodeIgniter\Database\BaseConnection->query('SELECT *
FROM `formations`
ORDER BY `sort_order` ASC, `created_at` DESC
 LIMIT 3', [], false)
 3 SYSTEMPATH/Model.php(243): CodeIgniter\Database\BaseBuilder->get()
 4 SYSTEMPATH/BaseModel.php(641): CodeIgniter\Model->doFindAll(3, 0)
 5 APPPATH/Models/FormationModel.php(23): CodeIgniter\BaseModel->findAll(3)
 6 APPPATH/Controllers/Home.php(20): App\Models\FormationModel->getAll(3)
 7 SYSTEMPATH/CodeIgniter.php(943): App\Controllers\Home->index()
 8 SYSTEMPATH/CodeIgniter.php(503): CodeIgniter\CodeIgniter->runController(Object(App\Controllers\Home))
 9 SYSTEMPATH/CodeIgniter.php(361): CodeIgniter\CodeIgniter->handleRequest(null, Object(Config\Cache), false)
10 FCPATH/index.php(44): CodeIgniter\CodeIgniter->run()
INFO - 2026-06-07 21:34:04 --> Session: Class initialized using 'CodeIgniter\Session\Handlers\FileHandler' driver.
ERROR - 2026-06-07 21:34:04 --> Error connecting to the database: mysqli_sql_exception: Connection refused in /Applications/MAMP/htdocs/yesminegharbi/vendor/codeigniter4/framework/system/Database/MySQLi/Connection.php:184
Stack trace:
#0 /Applications/MAMP/htdocs/yesminegharbi/vendor/codeigniter4/framework/system/Database/MySQLi/Connection.php(184): mysqli->real_connect('127.0.0.1', 'root', Object(SensitiveParameterValue), 'YGBD', 3307, '', 0)
#1 /Applications/MAMP/htdocs/yesminegharbi/vendor/codeigniter4/framework/system/Database/BaseConnection.php(392): CodeIgniter\Database\MySQLi\Connection->connect(false)
#2 /Applications/MAMP/htdocs/yesminegharbi/vendor/codeigniter4/framework/system/Database/BaseConnection.php(575): CodeIgniter\Database\BaseConnection->initialize()
#3 /Applications/MAMP/htdocs/yesminegharbi/vendor/codeigniter4/framework/system/Database/BaseBuilder.php(1616): CodeIgniter\Database\BaseConnection->query('SELECT *\nFROM `...', Array, false)
#4 /Applications/MAMP/htdocs/yesminegharbi/vendor/codeigniter4/framework/system/Model.php(243): CodeIgniter\Database\BaseBuilder->get()
#5 /Applications/MAMP/htdocs/yesminegharbi/vendor/codeigniter4/framework/system/BaseModel.php(641): CodeIgniter\Model->doFindAll(3, 0)
#6 /Applications/MAMP/htdocs/yesminegharbi/app/Models/FormationModel.php(23): CodeIgniter\BaseModel->findAll(3)
#7 /Applications/MAMP/htdocs/yesminegharbi/app/Controllers/Home.php(20): App\Models\FormationModel->getAll(3)
#8 /Applications/MAMP/htdocs/yesminegharbi/vendor/codeigniter4/framework/system/CodeIgniter.php(943): App\Controllers\Home->index()
#9 /Applications/MAMP/htdocs/yesminegharbi/vendor/codeigniter4/framework/system/CodeIgniter.php(503): CodeIgniter\CodeIgniter->runController(Object(App\Controllers\Home))
#10 /Applications/MAMP/htdocs/yesminegharbi/vendor/codeigniter4/framework/system/CodeIgniter.php(361): CodeIgniter\CodeIgniter->handleRequest(NULL, Object(Config\Cache), false)
#11 /Applications/MAMP/htdocs/yesminegharbi/public/index.php(44): CodeIgniter\CodeIgniter->run()
#12 {main}

Next CodeIgniter\Database\Exceptions\DatabaseException: Connection refused in /Applications/MAMP/htdocs/yesminegharbi/vendor/codeigniter4/framework/system/Database/MySQLi/Connection.php:229
Stack trace:
#0 /Applications/MAMP/htdocs/yesminegharbi/vendor/codeigniter4/framework/system/Database/BaseConnection.php(392): CodeIgniter\Database\MySQLi\Connection->connect(false)
#1 /Applications/MAMP/htdocs/yesminegharbi/vendor/codeigniter4/framework/system/Database/BaseConnection.php(575): CodeIgniter\Database\BaseConnection->initialize()
#2 /Applications/MAMP/htdocs/yesminegharbi/vendor/codeigniter4/framework/system/Database/BaseBuilder.php(1616): CodeIgniter\Database\BaseConnection->query('SELECT *\nFROM `...', Array, false)
#3 /Applications/MAMP/htdocs/yesminegharbi/vendor/codeigniter4/framework/system/Model.php(243): CodeIgniter\Database\BaseBuilder->get()
#4 /Applications/MAMP/htdocs/yesminegharbi/vendor/codeigniter4/framework/system/BaseModel.php(641): CodeIgniter\Model->doFindAll(3, 0)
#5 /Applications/MAMP/htdocs/yesminegharbi/app/Models/FormationModel.php(23): CodeIgniter\BaseModel->findAll(3)
#6 /Applications/MAMP/htdocs/yesminegharbi/app/Controllers/Home.php(20): App\Models\FormationModel->getAll(3)
#7 /Applications/MAMP/htdocs/yesminegharbi/vendor/codeigniter4/framework/system/CodeIgniter.php(943): App\Controllers\Home->index()
#8 /Applications/MAMP/htdocs/yesminegharbi/vendor/codeigniter4/framework/system/CodeIgniter.php(503): CodeIgniter\CodeIgniter->runController(Object(App\Controllers\Home))
#9 /Applications/MAMP/htdocs/yesminegharbi/vendor/codeigniter4/framework/system/CodeIgniter.php(361): CodeIgniter\CodeIgniter->handleRequest(NULL, Object(Config\Cache), false)
#10 /Applications/MAMP/htdocs/yesminegharbi/public/index.php(44): CodeIgniter\CodeIgniter->run()
#11 {main}
CRITICAL - 2026-06-07 21:34:04 --> CodeIgniter\Database\Exceptions\DatabaseException: Unable to connect to the database.
Main connection [MySQLi]: Connection refused
in SYSTEMPATH/Database/BaseConnection.php on line 428.
 1 SYSTEMPATH/Database/BaseConnection.php(575): CodeIgniter\Database\BaseConnection->initialize()
 2 SYSTEMPATH/Database/BaseBuilder.php(1616): CodeIgniter\Database\BaseConnection->query('SELECT *
FROM `formations`
ORDER BY `sort_order` ASC, `created_at` DESC
 LIMIT 3', [], false)
 3 SYSTEMPATH/Model.php(243): CodeIgniter\Database\BaseBuilder->get()
 4 SYSTEMPATH/BaseModel.php(641): CodeIgniter\Model->doFindAll(3, 0)
 5 APPPATH/Models/FormationModel.php(23): CodeIgniter\BaseModel->findAll(3)
 6 APPPATH/Controllers/Home.php(20): App\Models\FormationModel->getAll(3)
 7 SYSTEMPATH/CodeIgniter.php(943): App\Controllers\Home->index()
 8 SYSTEMPATH/CodeIgniter.php(503): CodeIgniter\CodeIgniter->runController(Object(App\Controllers\Home))
 9 SYSTEMPATH/CodeIgniter.php(361): CodeIgniter\CodeIgniter->handleRequest(null, Object(Config\Cache), false)
10 FCPATH/index.php(44): CodeIgniter\CodeIgniter->run()
INFO - 2026-06-07 21:36:41 --> Session: Class initialized using 'CodeIgniter\Session\Handlers\FileHandler' driver.
ERROR - 2026-06-07 21:36:41 --> Error connecting to the database: mysqli_sql_exception: Connection refused in /Applications/MAMP/htdocs/yesminegharbi/vendor/codeigniter4/framework/system/Database/MySQLi/Connection.php:184
Stack trace:
#0 /Applications/MAMP/htdocs/yesminegharbi/vendor/codeigniter4/framework/system/Database/MySQLi/Connection.php(184): mysqli->real_connect('127.0.0.1', 'root', Object(SensitiveParameterValue), 'YGBD', 3307, '', 0)
#1 /Applications/MAMP/htdocs/yesminegharbi/vendor/codeigniter4/framework/system/Database/BaseConnection.php(392): CodeIgniter\Database\MySQLi\Connection->connect(false)
#2 /Applications/MAMP/htdocs/yesminegharbi/vendor/codeigniter4/framework/system/Database/BaseConnection.php(575): CodeIgniter\Database\BaseConnection->initialize()
#3 /Applications/MAMP/htdocs/yesminegharbi/vendor/codeigniter4/framework/system/Database/BaseBuilder.php(1616): CodeIgniter\Database\BaseConnection->query('SELECT *\nFROM `...', Array, false)
#4 /Applications/MAMP/htdocs/yesminegharbi/vendor/codeigniter4/framework/system/Model.php(243): CodeIgniter\Database\BaseBuilder->get()
#5 /Applications/MAMP/htdocs/yesminegharbi/vendor/codeigniter4/framework/system/BaseModel.php(641): CodeIgniter\Model->doFindAll(3, 0)
#6 /Applications/MAMP/htdocs/yesminegharbi/app/Models/FormationModel.php(23): CodeIgniter\BaseModel->findAll(3)
#7 /Applications/MAMP/htdocs/yesminegharbi/app/Controllers/Home.php(20): App\Models\FormationModel->getAll(3)
#8 /Applications/MAMP/htdocs/yesminegharbi/vendor/codeigniter4/framework/system/CodeIgniter.php(943): App\Controllers\Home->index()
#9 /Applications/MAMP/htdocs/yesminegharbi/vendor/codeigniter4/framework/system/CodeIgniter.php(503): CodeIgniter\CodeIgniter->runController(Object(App\Controllers\Home))
#10 /Applications/MAMP/htdocs/yesminegharbi/vendor/codeigniter4/framework/system/CodeIgniter.php(361): CodeIgniter\CodeIgniter->handleRequest(NULL, Object(Config\Cache), false)
#11 /Applications/MAMP/htdocs/yesminegharbi/public/index.php(44): CodeIgniter\CodeIgniter->run()
#12 {main}

Next CodeIgniter\Database\Exceptions\DatabaseException: Connection refused in /Applications/MAMP/htdocs/yesminegharbi/vendor/codeigniter4/framework/system/Database/MySQLi/Connection.php:229
Stack trace:
#0 /Applications/MAMP/htdocs/yesminegharbi/vendor/codeigniter4/framework/system/Database/BaseConnection.php(392): CodeIgniter\Database\MySQLi\Connection->connect(false)
#1 /Applications/MAMP/htdocs/yesminegharbi/vendor/codeigniter4/framework/system/Database/BaseConnection.php(575): CodeIgniter\Database\BaseConnection->initialize()
#2 /Applications/MAMP/htdocs/yesminegharbi/vendor/codeigniter4/framework/system/Database/BaseBuilder.php(1616): CodeIgniter\Database\BaseConnection->query('SELECT *\nFROM `...', Array, false)
#3 /Applications/MAMP/htdocs/yesminegharbi/vendor/codeigniter4/framework/system/Model.php(243): CodeIgniter\Database\BaseBuilder->get()
#4 /Applications/MAMP/htdocs/yesminegharbi/vendor/codeigniter4/framework/system/BaseModel.php(641): CodeIgniter\Model->doFindAll(3, 0)
#5 /Applications/MAMP/htdocs/yesminegharbi/app/Models/FormationModel.php(23): CodeIgniter\BaseModel->findAll(3)
#6 /Applications/MAMP/htdocs/yesminegharbi/app/Controllers/Home.php(20): App\Models\FormationModel->getAll(3)
#7 /Applications/MAMP/htdocs/yesminegharbi/vendor/codeigniter4/framework/system/CodeIgniter.php(943): App\Controllers\Home->index()
#8 /Applications/MAMP/htdocs/yesminegharbi/vendor/codeigniter4/framework/system/CodeIgniter.php(503): CodeIgniter\CodeIgniter->runController(Object(App\Controllers\Home))
#9 /Applications/MAMP/htdocs/yesminegharbi/vendor/codeigniter4/framework/system/CodeIgniter.php(361): CodeIgniter\CodeIgniter->handleRequest(NULL, Object(Config\Cache), false)
#10 /Applications/MAMP/htdocs/yesminegharbi/public/index.php(44): CodeIgniter\CodeIgniter->run()
#11 {main}
CRITICAL - 2026-06-07 21:36:41 --> CodeIgniter\Database\Exceptions\DatabaseException: Unable to connect to the database.
Main connection [MySQLi]: Connection refused
in SYSTEMPATH/Database/BaseConnection.php on line 428.
 1 SYSTEMPATH/Database/BaseConnection.php(575): CodeIgniter\Database\BaseConnection->initialize()
 2 SYSTEMPATH/Database/BaseBuilder.php(1616): CodeIgniter\Database\BaseConnection->query('SELECT *
FROM `formations`
ORDER BY `sort_order` ASC, `created_at` DESC
 LIMIT 3', [], false)
 3 SYSTEMPATH/Model.php(243): CodeIgniter\Database\BaseBuilder->get()
 4 SYSTEMPATH/BaseModel.php(641): CodeIgniter\Model->doFindAll(3, 0)
 5 APPPATH/Models/FormationModel.php(23): CodeIgniter\BaseModel->findAll(3)
 6 APPPATH/Controllers/Home.php(20): App\Models\FormationModel->getAll(3)
 7 SYSTEMPATH/CodeIgniter.php(943): App\Controllers\Home->index()
 8 SYSTEMPATH/CodeIgniter.php(503): CodeIgniter\CodeIgniter->runController(Object(App\Controllers\Home))
 9 SYSTEMPATH/CodeIgniter.php(361): CodeIgniter\CodeIgniter->handleRequest(null, Object(Config\Cache), false)
10 FCPATH/index.php(44): CodeIgniter\CodeIgniter->run()
INFO - 2026-06-07 21:44:43 --> Session: Class initialized using 'CodeIgniter\Session\Handlers\FileHandler' driver.
ERROR - 2026-06-07 21:44:43 --> Error connecting to the database: mysqli_sql_exception: Connection refused in /Applications/MAMP/htdocs/yesminegharbi/vendor/codeigniter4/framework/system/Database/MySQLi/Connection.php:184
Stack trace:
#0 /Applications/MAMP/htdocs/yesminegharbi/vendor/codeigniter4/framework/system/Database/MySQLi/Connection.php(184): mysqli->real_connect('127.0.0.1', 'root', Object(SensitiveParameterValue), 'YGBD', 3307, '', 0)
#1 /Applications/MAMP/htdocs/yesminegharbi/vendor/codeigniter4/framework/system/Database/BaseConnection.php(392): CodeIgniter\Database\MySQLi\Connection->connect(false)
#2 /Applications/MAMP/htdocs/yesminegharbi/vendor/codeigniter4/framework/system/Database/BaseConnection.php(575): CodeIgniter\Database\BaseConnection->initialize()
#3 /Applications/MAMP/htdocs/yesminegharbi/vendor/codeigniter4/framework/system/Database/BaseBuilder.php(1616): CodeIgniter\Database\BaseConnection->query('SELECT *\nFROM `...', Array, false)
#4 /Applications/MAMP/htdocs/yesminegharbi/vendor/codeigniter4/framework/system/Model.php(243): CodeIgniter\Database\BaseBuilder->get()
#5 /Applications/MAMP/htdocs/yesminegharbi/vendor/codeigniter4/framework/system/BaseModel.php(641): CodeIgniter\Model->doFindAll(3, 0)
#6 /Applications/MAMP/htdocs/yesminegharbi/app/Models/FormationModel.php(23): CodeIgniter\BaseModel->findAll(3)
#7 /Applications/MAMP/htdocs/yesminegharbi/app/Controllers/Home.php(20): App\Models\FormationModel->getAll(3)
#8 /Applications/MAMP/htdocs/yesminegharbi/vendor/codeigniter4/framework/system/CodeIgniter.php(943): App\Controllers\Home->index()
#9 /Applications/MAMP/htdocs/yesminegharbi/vendor/codeigniter4/framework/system/CodeIgniter.php(503): CodeIgniter\CodeIgniter->runController(Object(App\Controllers\Home))
#10 /Applications/MAMP/htdocs/yesminegharbi/vendor/codeigniter4/framework/system/CodeIgniter.php(361): CodeIgniter\CodeIgniter->handleRequest(NULL, Object(Config\Cache), false)
#11 /Applications/MAMP/htdocs/yesminegharbi/public/index.php(44): CodeIgniter\CodeIgniter->run()
#12 {main}

Next CodeIgniter\Database\Exceptions\DatabaseException: Connection refused in /Applications/MAMP/htdocs/yesminegharbi/vendor/codeigniter4/framework/system/Database/MySQLi/Connection.php:229
Stack trace:
#0 /Applications/MAMP/htdocs/yesminegharbi/vendor/codeigniter4/framework/system/Database/BaseConnection.php(392): CodeIgniter\Database\MySQLi\Connection->connect(false)
#1 /Applications/MAMP/htdocs/yesminegharbi/vendor/codeigniter4/framework/system/Database/BaseConnection.php(575): CodeIgniter\Database\BaseConnection->initialize()
#2 /Applications/MAMP/htdocs/yesminegharbi/vendor/codeigniter4/framework/system/Database/BaseBuilder.php(1616): CodeIgniter\Database\BaseConnection->query('SELECT *\nFROM `...', Array, false)
#3 /Applications/MAMP/htdocs/yesminegharbi/vendor/codeigniter4/framework/system/Model.php(243): CodeIgniter\Database\BaseBuilder->get()
#4 /Applications/MAMP/htdocs/yesminegharbi/vendor/codeigniter4/framework/system/BaseModel.php(641): CodeIgniter\Model->doFindAll(3, 0)
#5 /Applications/MAMP/htdocs/yesminegharbi/app/Models/FormationModel.php(23): CodeIgniter\BaseModel->findAll(3)
#6 /Applications/MAMP/htdocs/yesminegharbi/app/Controllers/Home.php(20): App\Models\FormationModel->getAll(3)
#7 /Applications/MAMP/htdocs/yesminegharbi/vendor/codeigniter4/framework/system/CodeIgniter.php(943): App\Controllers\Home->index()
#8 /Applications/MAMP/htdocs/yesminegharbi/vendor/codeigniter4/framework/system/CodeIgniter.php(503): CodeIgniter\CodeIgniter->runController(Object(App\Controllers\Home))
#9 /Applications/MAMP/htdocs/yesminegharbi/vendor/codeigniter4/framework/system/CodeIgniter.php(361): CodeIgniter\CodeIgniter->handleRequest(NULL, Object(Config\Cache), false)
#10 /Applications/MAMP/htdocs/yesminegharbi/public/index.php(44): CodeIgniter\CodeIgniter->run()
#11 {main}
CRITICAL - 2026-06-07 21:44:43 --> CodeIgniter\Database\Exceptions\DatabaseException: Unable to connect to the database.
Main connection [MySQLi]: Connection refused
in SYSTEMPATH/Database/BaseConnection.php on line 428.
 1 SYSTEMPATH/Database/BaseConnection.php(575): CodeIgniter\Database\BaseConnection->initialize()
 2 SYSTEMPATH/Database/BaseBuilder.php(1616): CodeIgniter\Database\BaseConnection->query('SELECT *
FROM `formations`
ORDER BY `sort_order` ASC, `created_at` DESC
 LIMIT 3', [], false)
 3 SYSTEMPATH/Model.php(243): CodeIgniter\Database\BaseBuilder->get()
 4 SYSTEMPATH/BaseModel.php(641): CodeIgniter\Model->doFindAll(3, 0)
 5 APPPATH/Models/FormationModel.php(23): CodeIgniter\BaseModel->findAll(3)
 6 APPPATH/Controllers/Home.php(20): App\Models\FormationModel->getAll(3)
 7 SYSTEMPATH/CodeIgniter.php(943): App\Controllers\Home->index()
 8 SYSTEMPATH/CodeIgniter.php(503): CodeIgniter\CodeIgniter->runController(Object(App\Controllers\Home))
 9 SYSTEMPATH/CodeIgniter.php(361): CodeIgniter\CodeIgniter->handleRequest(null, Object(Config\Cache), false)
10 FCPATH/index.php(44): CodeIgniter\CodeIgniter->run()
INFO - 2026-06-07 21:52:45 --> Session: Class initialized using 'CodeIgniter\Session\Handlers\FileHandler' driver.
ERROR - 2026-06-07 21:52:45 --> Error connecting to the database: mysqli_sql_exception: Connection refused in /Applications/MAMP/htdocs/yesminegharbi/vendor/codeigniter4/framework/system/Database/MySQLi/Connection.php:184
Stack trace:
#0 /Applications/MAMP/htdocs/yesminegharbi/vendor/codeigniter4/framework/system/Database/MySQLi/Connection.php(184): mysqli->real_connect('127.0.0.1', 'root', Object(SensitiveParameterValue), 'YGBD', 3307, '', 0)
#1 /Applications/MAMP/htdocs/yesminegharbi/vendor/codeigniter4/framework/system/Database/BaseConnection.php(392): CodeIgniter\Database\MySQLi\Connection->connect(false)
#2 /Applications/MAMP/htdocs/yesminegharbi/vendor/codeigniter4/framework/system/Database/BaseConnection.php(575): CodeIgniter\Database\BaseConnection->initialize()
#3 /Applications/MAMP/htdocs/yesminegharbi/vendor/codeigniter4/framework/system/Database/BaseBuilder.php(1616): CodeIgniter\Database\BaseConnection->query('SELECT *\nFROM `...', Array, false)
#4 /Applications/MAMP/htdocs/yesminegharbi/vendor/codeigniter4/framework/system/Model.php(243): CodeIgniter\Database\BaseBuilder->get()
#5 /Applications/MAMP/htdocs/yesminegharbi/vendor/codeigniter4/framework/system/BaseModel.php(641): CodeIgniter\Model->doFindAll(3, 0)
#6 /Applications/MAMP/htdocs/yesminegharbi/app/Models/FormationModel.php(23): CodeIgniter\BaseModel->findAll(3)
#7 /Applications/MAMP/htdocs/yesminegharbi/app/Controllers/Home.php(20): App\Models\FormationModel->getAll(3)
#8 /Applications/MAMP/htdocs/yesminegharbi/vendor/codeigniter4/framework/system/CodeIgniter.php(943): App\Controllers\Home->index()
#9 /Applications/MAMP/htdocs/yesminegharbi/vendor/codeigniter4/framework/system/CodeIgniter.php(503): CodeIgniter\CodeIgniter->runController(Object(App\Controllers\Home))
#10 /Applications/MAMP/htdocs/yesminegharbi/vendor/codeigniter4/framework/system/CodeIgniter.php(361): CodeIgniter\CodeIgniter->handleRequest(NULL, Object(Config\Cache), false)
#11 /Applications/MAMP/htdocs/yesminegharbi/public/index.php(44): CodeIgniter\CodeIgniter->run()
#12 {main}

Next CodeIgniter\Database\Exceptions\DatabaseException: Connection refused in /Applications/MAMP/htdocs/yesminegharbi/vendor/codeigniter4/framework/system/Database/MySQLi/Connection.php:229
Stack trace:
#0 /Applications/MAMP/htdocs/yesminegharbi/vendor/codeigniter4/framework/system/Database/BaseConnection.php(392): CodeIgniter\Database\MySQLi\Connection->connect(false)
#1 /Applications/MAMP/htdocs/yesminegharbi/vendor/codeigniter4/framework/system/Database/BaseConnection.php(575): CodeIgniter\Database\BaseConnection->initialize()
#2 /Applications/MAMP/htdocs/yesminegharbi/vendor/codeigniter4/framework/system/Database/BaseBuilder.php(1616): CodeIgniter\Database\BaseConnection->query('SELECT *\nFROM `...', Array, false)
#3 /Applications/MAMP/htdocs/yesminegharbi/vendor/codeigniter4/framework/system/Model.php(243): CodeIgniter\Database\BaseBuilder->get()
#4 /Applications/MAMP/htdocs/yesminegharbi/vendor/codeigniter4/framework/system/BaseModel.php(641): CodeIgniter\Model->doFindAll(3, 0)
#5 /Applications/MAMP/htdocs/yesminegharbi/app/Models/FormationModel.php(23): CodeIgniter\BaseModel->findAll(3)
#6 /Applications/MAMP/htdocs/yesminegharbi/app/Controllers/Home.php(20): App\Models\FormationModel->getAll(3)
#7 /Applications/MAMP/htdocs/yesminegharbi/vendor/codeigniter4/framework/system/CodeIgniter.php(943): App\Controllers\Home->index()
#8 /Applications/MAMP/htdocs/yesminegharbi/vendor/codeigniter4/framework/system/CodeIgniter.php(503): CodeIgniter\CodeIgniter->runController(Object(App\Controllers\Home))
#9 /Applications/MAMP/htdocs/yesminegharbi/vendor/codeigniter4/framework/system/CodeIgniter.php(361): CodeIgniter\CodeIgniter->handleRequest(NULL, Object(Config\Cache), false)
#10 /Applications/MAMP/htdocs/yesminegharbi/public/index.php(44): CodeIgniter\CodeIgniter->run()
#11 {main}
CRITICAL - 2026-06-07 21:52:45 --> CodeIgniter\Database\Exceptions\DatabaseException: Unable to connect to the database.
Main connection [MySQLi]: Connection refused
in SYSTEMPATH/Database/BaseConnection.php on line 428.
 1 SYSTEMPATH/Database/BaseConnection.php(575): CodeIgniter\Database\BaseConnection->initialize()
 2 SYSTEMPATH/Database/BaseBuilder.php(1616): CodeIgniter\Database\BaseConnection->query('SELECT *
FROM `formations`
ORDER BY `sort_order` ASC, `created_at` DESC
 LIMIT 3', [], false)
 3 SYSTEMPATH/Model.php(243): CodeIgniter\Database\BaseBuilder->get()
 4 SYSTEMPATH/BaseModel.php(641): CodeIgniter\Model->doFindAll(3, 0)
 5 APPPATH/Models/FormationModel.php(23): CodeIgniter\BaseModel->findAll(3)
 6 APPPATH/Controllers/Home.php(20): App\Models\FormationModel->getAll(3)
 7 SYSTEMPATH/CodeIgniter.php(943): App\Controllers\Home->index()
 8 SYSTEMPATH/CodeIgniter.php(503): CodeIgniter\CodeIgniter->runController(Object(App\Controllers\Home))
 9 SYSTEMPATH/CodeIgniter.php(361): CodeIgniter\CodeIgniter->handleRequest(null, Object(Config\Cache), false)
10 FCPATH/index.php(44): CodeIgniter\CodeIgniter->run()
INFO - 2026-06-07 22:16:26 --> Session: Class initialized using 'CodeIgniter\Session\Handlers\FileHandler' driver.
ERROR - 2026-06-07 22:16:26 --> Error connecting to the database: mysqli_sql_exception: Access denied for user 'root'@'localhost' (using password: NO) in /Applications/MAMP/htdocs/yesminegharbi/vendor/codeigniter4/framework/system/Database/MySQLi/Connection.php:184
Stack trace:
#0 /Applications/MAMP/htdocs/yesminegharbi/vendor/codeigniter4/framework/system/Database/MySQLi/Connection.php(184): mysqli->real_connect('127.0.0.1', 'root', Object(SensitiveParameterValue), 'YGBD', 3307, '', 0)
#1 /Applications/MAMP/htdocs/yesminegharbi/vendor/codeigniter4/framework/system/Database/BaseConnection.php(392): CodeIgniter\Database\MySQLi\Connection->connect(false)
#2 /Applications/MAMP/htdocs/yesminegharbi/vendor/codeigniter4/framework/system/Database/BaseConnection.php(575): CodeIgniter\Database\BaseConnection->initialize()
#3 /Applications/MAMP/htdocs/yesminegharbi/vendor/codeigniter4/framework/system/Database/BaseBuilder.php(1616): CodeIgniter\Database\BaseConnection->query('SELECT *\nFROM `...', Array, false)
#4 /Applications/MAMP/htdocs/yesminegharbi/vendor/codeigniter4/framework/system/Model.php(243): CodeIgniter\Database\BaseBuilder->get()
#5 /Applications/MAMP/htdocs/yesminegharbi/vendor/codeigniter4/framework/system/BaseModel.php(641): CodeIgniter\Model->doFindAll(3, 0)
#6 /Applications/MAMP/htdocs/yesminegharbi/app/Models/FormationModel.php(23): CodeIgniter\BaseModel->findAll(3)
#7 /Applications/MAMP/htdocs/yesminegharbi/app/Controllers/Home.php(20): App\Models\FormationModel->getAll(3)
#8 /Applications/MAMP/htdocs/yesminegharbi/vendor/codeigniter4/framework/system/CodeIgniter.php(943): App\Controllers\Home->index()
#9 /Applications/MAMP/htdocs/yesminegharbi/vendor/codeigniter4/framework/system/CodeIgniter.php(503): CodeIgniter\CodeIgniter->runController(Object(App\Controllers\Home))
#10 /Applications/MAMP/htdocs/yesminegharbi/vendor/codeigniter4/framework/system/CodeIgniter.php(361): CodeIgniter\CodeIgniter->handleRequest(NULL, Object(Config\Cache), false)
#11 /Applications/MAMP/htdocs/yesminegharbi/public/index.php(44): CodeIgniter\CodeIgniter->run()
#12 {main}

Next CodeIgniter\Database\Exceptions\DatabaseException: Access denied for user '****'@'localhost' (using password: NO) in /Applications/MAMP/htdocs/yesminegharbi/vendor/codeigniter4/framework/system/Database/MySQLi/Connection.php:229
Stack trace:
#0 /Applications/MAMP/htdocs/yesminegharbi/vendor/codeigniter4/framework/system/Database/BaseConnection.php(392): CodeIgniter\Database\MySQLi\Connection->connect(false)
#1 /Applications/MAMP/htdocs/yesminegharbi/vendor/codeigniter4/framework/system/Database/BaseConnection.php(575): CodeIgniter\Database\BaseConnection->initialize()
#2 /Applications/MAMP/htdocs/yesminegharbi/vendor/codeigniter4/framework/system/Database/BaseBuilder.php(1616): CodeIgniter\Database\BaseConnection->query('SELECT *\nFROM `...', Array, false)
#3 /Applications/MAMP/htdocs/yesminegharbi/vendor/codeigniter4/framework/system/Model.php(243): CodeIgniter\Database\BaseBuilder->get()
#4 /Applications/MAMP/htdocs/yesminegharbi/vendor/codeigniter4/framework/system/BaseModel.php(641): CodeIgniter\Model->doFindAll(3, 0)
#5 /Applications/MAMP/htdocs/yesminegharbi/app/Models/FormationModel.php(23): CodeIgniter\BaseModel->findAll(3)
#6 /Applications/MAMP/htdocs/yesminegharbi/app/Controllers/Home.php(20): App\Models\FormationModel->getAll(3)
#7 /Applications/MAMP/htdocs/yesminegharbi/vendor/codeigniter4/framework/system/CodeIgniter.php(943): App\Controllers\Home->index()
#8 /Applications/MAMP/htdocs/yesminegharbi/vendor/codeigniter4/framework/system/CodeIgniter.php(503): CodeIgniter\CodeIgniter->runController(Object(App\Controllers\Home))
#9 /Applications/MAMP/htdocs/yesminegharbi/vendor/codeigniter4/framework/system/CodeIgniter.php(361): CodeIgniter\CodeIgniter->handleRequest(NULL, Object(Config\Cache), false)
#10 /Applications/MAMP/htdocs/yesminegharbi/public/index.php(44): CodeIgniter\CodeIgniter->run()
#11 {main}
CRITICAL - 2026-06-07 22:16:26 --> CodeIgniter\Database\Exceptions\DatabaseException: Unable to connect to the database.
Main connection [MySQLi]: Access denied for user '****'@'localhost' (using password: NO)
in SYSTEMPATH/Database/BaseConnection.php on line 428.
 1 SYSTEMPATH/Database/BaseConnection.php(575): CodeIgniter\Database\BaseConnection->initialize()
 2 SYSTEMPATH/Database/BaseBuilder.php(1616): CodeIgniter\Database\BaseConnection->query('SELECT *
FROM `formations`
ORDER BY `sort_order` ASC, `created_at` DESC
 LIMIT 3', [], false)
 3 SYSTEMPATH/Model.php(243): CodeIgniter\Database\BaseBuilder->get()
 4 SYSTEMPATH/BaseModel.php(641): CodeIgniter\Model->doFindAll(3, 0)
 5 APPPATH/Models/FormationModel.php(23): CodeIgniter\BaseModel->findAll(3)
 6 APPPATH/Controllers/Home.php(20): App\Models\FormationModel->getAll(3)
 7 SYSTEMPATH/CodeIgniter.php(943): App\Controllers\Home->index()
 8 SYSTEMPATH/CodeIgniter.php(503): CodeIgniter\CodeIgniter->runController(Object(App\Controllers\Home))
 9 SYSTEMPATH/CodeIgniter.php(361): CodeIgniter\CodeIgniter->handleRequest(null, Object(Config\Cache), false)
10 FCPATH/index.php(44): CodeIgniter\CodeIgniter->run()
ERROR - 2026-06-07 22:18:28 --> Error connecting to the database: mysqli_sql_exception: Access denied for user 'root'@'localhost' (using password: NO) in /Applications/MAMP/htdocs/yesminegharbi/vendor/codeigniter4/framework/system/Database/MySQLi/Connection.php:184
Stack trace:
#0 /Applications/MAMP/htdocs/yesminegharbi/vendor/codeigniter4/framework/system/Database/MySQLi/Connection.php(184): mysqli->real_connect('127.0.0.1', 'root', Object(SensitiveParameterValue), 'YGBD', 3307, '', 0)
#1 /Applications/MAMP/htdocs/yesminegharbi/vendor/codeigniter4/framework/system/Database/BaseConnection.php(392): CodeIgniter\Database\MySQLi\Connection->connect(false)
#2 /Applications/MAMP/htdocs/yesminegharbi/vendor/codeigniter4/framework/system/Database/BaseConnection.php(575): CodeIgniter\Database\BaseConnection->initialize()
#3 /Applications/MAMP/htdocs/yesminegharbi/vendor/codeigniter4/framework/system/Database/BaseConnection.php(1410): CodeIgniter\Database\BaseConnection->query('SHOW TABLES FRO...')
#4 /Applications/MAMP/htdocs/yesminegharbi/vendor/codeigniter4/framework/system/Database/BaseConnection.php(1429): CodeIgniter\Database\BaseConnection->listTables()
#5 /Applications/MAMP/htdocs/yesminegharbi/vendor/codeigniter4/framework/system/Database/MigrationRunner.php(757): CodeIgniter\Database\BaseConnection->tableExists('migrations')
#6 /Applications/MAMP/htdocs/yesminegharbi/vendor/codeigniter4/framework/system/Database/MigrationRunner.php(161): CodeIgniter\Database\MigrationRunner->ensureTable()
#7 /Applications/MAMP/htdocs/yesminegharbi/vendor/codeigniter4/framework/system/Commands/Database/Migrate.php(84): CodeIgniter\Database\MigrationRunner->latest(NULL)
#8 /Applications/MAMP/htdocs/yesminegharbi/vendor/codeigniter4/framework/system/CLI/Commands.php(65): CodeIgniter\Commands\Database\Migrate->run(Array)
#9 /Applications/MAMP/htdocs/yesminegharbi/vendor/codeigniter4/framework/system/CLI/Console.php(46): CodeIgniter\CLI\Commands->run('migrate', Array)
#10 /Applications/MAMP/htdocs/yesminegharbi/spark(60): CodeIgniter\CLI\Console->run()
#11 {main}

Next CodeIgniter\Database\Exceptions\DatabaseException: Access denied for user '****'@'localhost' (using password: NO) in /Applications/MAMP/htdocs/yesminegharbi/vendor/codeigniter4/framework/system/Database/MySQLi/Connection.php:229
Stack trace:
#0 /Applications/MAMP/htdocs/yesminegharbi/vendor/codeigniter4/framework/system/Database/BaseConnection.php(392): CodeIgniter\Database\MySQLi\Connection->connect(false)
#1 /Applications/MAMP/htdocs/yesminegharbi/vendor/codeigniter4/framework/system/Database/BaseConnection.php(575): CodeIgniter\Database\BaseConnection->initialize()
#2 /Applications/MAMP/htdocs/yesminegharbi/vendor/codeigniter4/framework/system/Database/BaseConnection.php(1410): CodeIgniter\Database\BaseConnection->query('SHOW TABLES FRO...')
#3 /Applications/MAMP/htdocs/yesminegharbi/vendor/codeigniter4/framework/system/Database/BaseConnection.php(1429): CodeIgniter\Database\BaseConnection->listTables()
#4 /Applications/MAMP/htdocs/yesminegharbi/vendor/codeigniter4/framework/system/Database/MigrationRunner.php(757): CodeIgniter\Database\BaseConnection->tableExists('migrations')
#5 /Applications/MAMP/htdocs/yesminegharbi/vendor/codeigniter4/framework/system/Database/MigrationRunner.php(161): CodeIgniter\Database\MigrationRunner->ensureTable()
#6 /Applications/MAMP/htdocs/yesminegharbi/vendor/codeigniter4/framework/system/Commands/Database/Migrate.php(84): CodeIgniter\Database\MigrationRunner->latest(NULL)
#7 /Applications/MAMP/htdocs/yesminegharbi/vendor/codeigniter4/framework/system/CLI/Commands.php(65): CodeIgniter\Commands\Database\Migrate->run(Array)
#8 /Applications/MAMP/htdocs/yesminegharbi/vendor/codeigniter4/framework/system/CLI/Console.php(46): CodeIgniter\CLI\Commands->run('migrate', Array)
#9 /Applications/MAMP/htdocs/yesminegharbi/spark(60): CodeIgniter\CLI\Console->run()
#10 {main}
ERROR - 2026-06-07 22:18:37 --> Error connecting to the database: mysqli_sql_exception: Access denied for user 'root'@'localhost' (using password: NO) in /Applications/MAMP/htdocs/yesminegharbi/vendor/codeigniter4/framework/system/Database/MySQLi/Connection.php:184
Stack trace:
#0 /Applications/MAMP/htdocs/yesminegharbi/vendor/codeigniter4/framework/system/Database/MySQLi/Connection.php(184): mysqli->real_connect('127.0.0.1', 'root', Object(SensitiveParameterValue), 'YGBD', 3307, '', 0)
#1 /Applications/MAMP/htdocs/yesminegharbi/vendor/codeigniter4/framework/system/Database/BaseConnection.php(392): CodeIgniter\Database\MySQLi\Connection->connect(false)
#2 /Applications/MAMP/htdocs/yesminegharbi/vendor/codeigniter4/framework/system/Database/BaseConnection.php(575): CodeIgniter\Database\BaseConnection->initialize()
#3 /Applications/MAMP/htdocs/yesminegharbi/vendor/codeigniter4/framework/system/Database/BaseConnection.php(1410): CodeIgniter\Database\BaseConnection->query('SHOW TABLES FRO...')
#4 /Applications/MAMP/htdocs/yesminegharbi/vendor/codeigniter4/framework/system/Database/BaseConnection.php(1429): CodeIgniter\Database\BaseConnection->listTables()
#5 /Applications/MAMP/htdocs/yesminegharbi/vendor/codeigniter4/framework/system/Database/MigrationRunner.php(757): CodeIgniter\Database\BaseConnection->tableExists('migrations')
#6 /Applications/MAMP/htdocs/yesminegharbi/vendor/codeigniter4/framework/system/Database/MigrationRunner.php(161): CodeIgniter\Database\MigrationRunner->ensureTable()
#7 /Applications/MAMP/htdocs/yesminegharbi/vendor/codeigniter4/framework/system/Commands/Database/Migrate.php(84): CodeIgniter\Database\MigrationRunner->latest(NULL)
#8 /Applications/MAMP/htdocs/yesminegharbi/vendor/codeigniter4/framework/system/CLI/Commands.php(65): CodeIgniter\Commands\Database\Migrate->run(Array)
#9 /Applications/MAMP/htdocs/yesminegharbi/vendor/codeigniter4/framework/system/CLI/Console.php(46): CodeIgniter\CLI\Commands->run('migrate', Array)
#10 /Applications/MAMP/htdocs/yesminegharbi/spark(60): CodeIgniter\CLI\Console->run()
#11 {main}

Next CodeIgniter\Database\Exceptions\DatabaseException: Access denied for user '****'@'localhost' (using password: NO) in /Applications/MAMP/htdocs/yesminegharbi/vendor/codeigniter4/framework/system/Database/MySQLi/Connection.php:229
Stack trace:
#0 /Applications/MAMP/htdocs/yesminegharbi/vendor/codeigniter4/framework/system/Database/BaseConnection.php(392): CodeIgniter\Database\MySQLi\Connection->connect(false)
#1 /Applications/MAMP/htdocs/yesminegharbi/vendor/codeigniter4/framework/system/Database/BaseConnection.php(575): CodeIgniter\Database\BaseConnection->initialize()
#2 /Applications/MAMP/htdocs/yesminegharbi/vendor/codeigniter4/framework/system/Database/BaseConnection.php(1410): CodeIgniter\Database\BaseConnection->query('SHOW TABLES FRO...')
#3 /Applications/MAMP/htdocs/yesminegharbi/vendor/codeigniter4/framework/system/Database/BaseConnection.php(1429): CodeIgniter\Database\BaseConnection->listTables()
#4 /Applications/MAMP/htdocs/yesminegharbi/vendor/codeigniter4/framework/system/Database/MigrationRunner.php(757): CodeIgniter\Database\BaseConnection->tableExists('migrations')
#5 /Applications/MAMP/htdocs/yesminegharbi/vendor/codeigniter4/framework/system/Database/MigrationRunner.php(161): CodeIgniter\Database\MigrationRunner->ensureTable()
#6 /Applications/MAMP/htdocs/yesminegharbi/vendor/codeigniter4/framework/system/Commands/Database/Migrate.php(84): CodeIgniter\Database\MigrationRunner->latest(NULL)
#7 /Applications/MAMP/htdocs/yesminegharbi/vendor/codeigniter4/framework/system/CLI/Commands.php(65): CodeIgniter\Commands\Database\Migrate->run(Array)
#8 /Applications/MAMP/htdocs/yesminegharbi/vendor/codeigniter4/framework/system/CLI/Console.php(46): CodeIgniter\CLI\Commands->run('migrate', Array)
#9 /Applications/MAMP/htdocs/yesminegharbi/spark(60): CodeIgniter\CLI\Console->run()
#10 {main}
INFO - 2026-06-07 22:19:12 --> Session: Class initialized using 'CodeIgniter\Session\Handlers\FileHandler' driver.
ERROR - 2026-06-07 22:19:12 --> Error connecting to the database: mysqli_sql_exception: Access denied for user 'root'@'localhost' (using password: NO) in /Applications/MAMP/htdocs/yesminegharbi/vendor/codeigniter4/framework/system/Database/MySQLi/Connection.php:184
Stack trace:
#0 /Applications/MAMP/htdocs/yesminegharbi/vendor/codeigniter4/framework/system/Database/MySQLi/Connection.php(184): mysqli->real_connect('127.0.0.1', 'root', Object(SensitiveParameterValue), 'YGBD', 3307, '', 0)
#1 /Applications/MAMP/htdocs/yesminegharbi/vendor/codeigniter4/framework/system/Database/BaseConnection.php(392): CodeIgniter\Database\MySQLi\Connection->connect(false)
#2 /Applications/MAMP/htdocs/yesminegharbi/vendor/codeigniter4/framework/system/Database/BaseConnection.php(575): CodeIgniter\Database\BaseConnection->initialize()
#3 /Applications/MAMP/htdocs/yesminegharbi/vendor/codeigniter4/framework/system/Database/BaseBuilder.php(1616): CodeIgniter\Database\BaseConnection->query('SELECT *\nFROM `...', Array, false)
#4 /Applications/MAMP/htdocs/yesminegharbi/vendor/codeigniter4/framework/system/Model.php(243): CodeIgniter\Database\BaseBuilder->get()
#5 /Applications/MAMP/htdocs/yesminegharbi/vendor/codeigniter4/framework/system/BaseModel.php(641): CodeIgniter\Model->doFindAll(3, 0)
#6 /Applications/MAMP/htdocs/yesminegharbi/app/Models/FormationModel.php(23): CodeIgniter\BaseModel->findAll(3)
#7 /Applications/MAMP/htdocs/yesminegharbi/app/Controllers/Home.php(20): App\Models\FormationModel->getAll(3)
#8 /Applications/MAMP/htdocs/yesminegharbi/vendor/codeigniter4/framework/system/CodeIgniter.php(943): App\Controllers\Home->index()
#9 /Applications/MAMP/htdocs/yesminegharbi/vendor/codeigniter4/framework/system/CodeIgniter.php(503): CodeIgniter\CodeIgniter->runController(Object(App\Controllers\Home))
#10 /Applications/MAMP/htdocs/yesminegharbi/vendor/codeigniter4/framework/system/CodeIgniter.php(361): CodeIgniter\CodeIgniter->handleRequest(NULL, Object(Config\Cache), false)
#11 /Applications/MAMP/htdocs/yesminegharbi/public/index.php(44): CodeIgniter\CodeIgniter->run()
#12 {main}

Next CodeIgniter\Database\Exceptions\DatabaseException: Access denied for user '****'@'localhost' (using password: NO) in /Applications/MAMP/htdocs/yesminegharbi/vendor/codeigniter4/framework/system/Database/MySQLi/Connection.php:229
Stack trace:
#0 /Applications/MAMP/htdocs/yesminegharbi/vendor/codeigniter4/framework/system/Database/BaseConnection.php(392): CodeIgniter\Database\MySQLi\Connection->connect(false)
#1 /Applications/MAMP/htdocs/yesminegharbi/vendor/codeigniter4/framework/system/Database/BaseConnection.php(575): CodeIgniter\Database\BaseConnection->initialize()
#2 /Applications/MAMP/htdocs/yesminegharbi/vendor/codeigniter4/framework/system/Database/BaseBuilder.php(1616): CodeIgniter\Database\BaseConnection->query('SELECT *\nFROM `...', Array, false)
#3 /Applications/MAMP/htdocs/yesminegharbi/vendor/codeigniter4/framework/system/Model.php(243): CodeIgniter\Database\BaseBuilder->get()
#4 /Applications/MAMP/htdocs/yesminegharbi/vendor/codeigniter4/framework/system/BaseModel.php(641): CodeIgniter\Model->doFindAll(3, 0)
#5 /Applications/MAMP/htdocs/yesminegharbi/app/Models/FormationModel.php(23): CodeIgniter\BaseModel->findAll(3)
#6 /Applications/MAMP/htdocs/yesminegharbi/app/Controllers/Home.php(20): App\Models\FormationModel->getAll(3)
#7 /Applications/MAMP/htdocs/yesminegharbi/vendor/codeigniter4/framework/system/CodeIgniter.php(943): App\Controllers\Home->index()
#8 /Applications/MAMP/htdocs/yesminegharbi/vendor/codeigniter4/framework/system/CodeIgniter.php(503): CodeIgniter\CodeIgniter->runController(Object(App\Controllers\Home))
#9 /Applications/MAMP/htdocs/yesminegharbi/vendor/codeigniter4/framework/system/CodeIgniter.php(361): CodeIgniter\CodeIgniter->handleRequest(NULL, Object(Config\Cache), false)
#10 /Applications/MAMP/htdocs/yesminegharbi/public/index.php(44): CodeIgniter\CodeIgniter->run()
#11 {main}
CRITICAL - 2026-06-07 22:19:12 --> CodeIgniter\Database\Exceptions\DatabaseException: Unable to connect to the database.
Main connection [MySQLi]: Access denied for user '****'@'localhost' (using password: NO)
in SYSTEMPATH/Database/BaseConnection.php on line 428.
 1 SYSTEMPATH/Database/BaseConnection.php(575): CodeIgniter\Database\BaseConnection->initialize()
 2 SYSTEMPATH/Database/BaseBuilder.php(1616): CodeIgniter\Database\BaseConnection->query('SELECT *
FROM `formations`
ORDER BY `sort_order` ASC, `created_at` DESC
 LIMIT 3', [], false)
 3 SYSTEMPATH/Model.php(243): CodeIgniter\Database\BaseBuilder->get()
 4 SYSTEMPATH/BaseModel.php(641): CodeIgniter\Model->doFindAll(3, 0)
 5 APPPATH/Models/FormationModel.php(23): CodeIgniter\BaseModel->findAll(3)
 6 APPPATH/Controllers/Home.php(20): App\Models\FormationModel->getAll(3)
 7 SYSTEMPATH/CodeIgniter.php(943): App\Controllers\Home->index()
 8 SYSTEMPATH/CodeIgniter.php(503): CodeIgniter\CodeIgniter->runController(Object(App\Controllers\Home))
 9 SYSTEMPATH/CodeIgniter.php(361): CodeIgniter\CodeIgniter->handleRequest(null, Object(Config\Cache), false)
10 FCPATH/index.php(44): CodeIgniter\CodeIgniter->run()
INFO - 2026-06-07 22:19:50 --> Session: Class initialized using 'CodeIgniter\Session\Handlers\FileHandler' driver.
ERROR - 2026-06-07 22:19:50 --> mysqli_sql_exception: Table 'ygbd.formations' doesn't exist in /Applications/MAMP/htdocs/yesminegharbi/vendor/codeigniter4/framework/system/Database/MySQLi/Connection.php:306
Stack trace:
#0 /Applications/MAMP/htdocs/yesminegharbi/vendor/codeigniter4/framework/system/Database/MySQLi/Connection.php(306): mysqli->query('SELECT *\nFROM `...', 0)
#1 /Applications/MAMP/htdocs/yesminegharbi/vendor/codeigniter4/framework/system/Database/BaseConnection.php(693): CodeIgniter\Database\MySQLi\Connection->execute('SELECT *\nFROM `...')
#2 /Applications/MAMP/htdocs/yesminegharbi/vendor/codeigniter4/framework/system/Database/BaseConnection.php(607): CodeIgniter\Database\BaseConnection->simpleQuery('SELECT *\nFROM `...')
#3 /Applications/MAMP/htdocs/yesminegharbi/vendor/codeigniter4/framework/system/Database/BaseBuilder.php(1616): CodeIgniter\Database\BaseConnection->query('SELECT *\nFROM `...', Array, false)
#4 /Applications/MAMP/htdocs/yesminegharbi/vendor/codeigniter4/framework/system/Model.php(243): CodeIgniter\Database\BaseBuilder->get()
#5 /Applications/MAMP/htdocs/yesminegharbi/vendor/codeigniter4/framework/system/BaseModel.php(641): CodeIgniter\Model->doFindAll(3, 0)
#6 /Applications/MAMP/htdocs/yesminegharbi/app/Models/FormationModel.php(23): CodeIgniter\BaseModel->findAll(3)
#7 /Applications/MAMP/htdocs/yesminegharbi/app/Controllers/Home.php(20): App\Models\FormationModel->getAll(3)
#8 /Applications/MAMP/htdocs/yesminegharbi/vendor/codeigniter4/framework/system/CodeIgniter.php(943): App\Controllers\Home->index()
#9 /Applications/MAMP/htdocs/yesminegharbi/vendor/codeigniter4/framework/system/CodeIgniter.php(503): CodeIgniter\CodeIgniter->runController(Object(App\Controllers\Home))
#10 /Applications/MAMP/htdocs/yesminegharbi/vendor/codeigniter4/framework/system/CodeIgniter.php(361): CodeIgniter\CodeIgniter->handleRequest(NULL, Object(Config\Cache), false)
#11 /Applications/MAMP/htdocs/yesminegharbi/public/index.php(44): CodeIgniter\CodeIgniter->run()
#12 {main}
CRITICAL - 2026-06-07 22:19:50 --> CodeIgniter\Database\Exceptions\DatabaseException: Table 'ygbd.formations' doesn't exist
in SYSTEMPATH/Database/BaseConnection.php on line 647.
 1 SYSTEMPATH/Database/BaseBuilder.php(1616): CodeIgniter\Database\BaseConnection->query('SELECT *
FROM `formations`
ORDER BY `sort_order` ASC, `created_at` DESC
 LIMIT 3', [], false)
 2 SYSTEMPATH/Model.php(243): CodeIgniter\Database\BaseBuilder->get()
 3 SYSTEMPATH/BaseModel.php(641): CodeIgniter\Model->doFindAll(3, 0)
 4 APPPATH/Models/FormationModel.php(23): CodeIgniter\BaseModel->findAll(3)
 5 APPPATH/Controllers/Home.php(20): App\Models\FormationModel->getAll(3)
 6 SYSTEMPATH/CodeIgniter.php(943): App\Controllers\Home->index()
 7 SYSTEMPATH/CodeIgniter.php(503): CodeIgniter\CodeIgniter->runController(Object(App\Controllers\Home))
 8 SYSTEMPATH/CodeIgniter.php(361): CodeIgniter\CodeIgniter->handleRequest(null, Object(Config\Cache), false)
 9 FCPATH/index.php(44): CodeIgniter\CodeIgniter->run()
CRITICAL - 2026-06-07 22:19:50 --> [Caused by] CodeIgniter\Database\Exceptions\DatabaseException: Table 'ygbd.formations' doesn't exist
in SYSTEMPATH/Database/MySQLi/Connection.php on line 311.
 1 SYSTEMPATH/Database/BaseConnection.php(693): CodeIgniter\Database\MySQLi\Connection->execute('SELECT *
FROM `formations`
ORDER BY `sort_order` ASC, `created_at` DESC
 LIMIT 3')
 2 SYSTEMPATH/Database/BaseConnection.php(607): CodeIgniter\Database\BaseConnection->simpleQuery('SELECT *
FROM `formations`
ORDER BY `sort_order` ASC, `created_at` DESC
 LIMIT 3')
 3 SYSTEMPATH/Database/BaseBuilder.php(1616): CodeIgniter\Database\BaseConnection->query('SELECT *
FROM `formations`
ORDER BY `sort_order` ASC, `created_at` DESC
 LIMIT 3', [], false)
 4 SYSTEMPATH/Model.php(243): CodeIgniter\Database\BaseBuilder->get()
 5 SYSTEMPATH/BaseModel.php(641): CodeIgniter\Model->doFindAll(3, 0)
 6 APPPATH/Models/FormationModel.php(23): CodeIgniter\BaseModel->findAll(3)
 7 APPPATH/Controllers/Home.php(20): App\Models\FormationModel->getAll(3)
 8 SYSTEMPATH/CodeIgniter.php(943): App\Controllers\Home->index()
 9 SYSTEMPATH/CodeIgniter.php(503): CodeIgniter\CodeIgniter->runController(Object(App\Controllers\Home))
10 SYSTEMPATH/CodeIgniter.php(361): CodeIgniter\CodeIgniter->handleRequest(null, Object(Config\Cache), false)
11 FCPATH/index.php(44): CodeIgniter\CodeIgniter->run()
CRITICAL - 2026-06-07 22:19:50 --> [Caused by] mysqli_sql_exception: Table 'ygbd.formations' doesn't exist
in SYSTEMPATH/Database/MySQLi/Connection.php on line 306.
 1 SYSTEMPATH/Database/MySQLi/Connection.php(306): mysqli->query('SELECT *
FROM `formations`
ORDER BY `sort_order` ASC, `created_at` DESC
 LIMIT 3', 0)
 2 SYSTEMPATH/Database/BaseConnection.php(693): CodeIgniter\Database\MySQLi\Connection->execute('SELECT *
FROM `formations`
ORDER BY `sort_order` ASC, `created_at` DESC
 LIMIT 3')
 3 SYSTEMPATH/Database/BaseConnection.php(607): CodeIgniter\Database\BaseConnection->simpleQuery('SELECT *
FROM `formations`
ORDER BY `sort_order` ASC, `created_at` DESC
 LIMIT 3')
 4 SYSTEMPATH/Database/BaseBuilder.php(1616): CodeIgniter\Database\BaseConnection->query('SELECT *
FROM `formations`
ORDER BY `sort_order` ASC, `created_at` DESC
 LIMIT 3', [], false)
 5 SYSTEMPATH/Model.php(243): CodeIgniter\Database\BaseBuilder->get()
 6 SYSTEMPATH/BaseModel.php(641): CodeIgniter\Model->doFindAll(3, 0)
 7 APPPATH/Models/FormationModel.php(23): CodeIgniter\BaseModel->findAll(3)
 8 APPPATH/Controllers/Home.php(20): App\Models\FormationModel->getAll(3)
 9 SYSTEMPATH/CodeIgniter.php(943): App\Controllers\Home->index()
10 SYSTEMPATH/CodeIgniter.php(503): CodeIgniter\CodeIgniter->runController(Object(App\Controllers\Home))
11 SYSTEMPATH/CodeIgniter.php(361): CodeIgniter\CodeIgniter->handleRequest(null, Object(Config\Cache), false)
12 FCPATH/index.php(44): CodeIgniter\CodeIgniter->run()
ERROR - 2026-06-07 22:20:25 --> mysqli_sql_exception: Table 'ygbd.formations' doesn't exist in /Applications/MAMP/htdocs/yesminegharbi/vendor/codeigniter4/framework/system/Database/MySQLi/Connection.php:306
Stack trace:
#0 /Applications/MAMP/htdocs/yesminegharbi/vendor/codeigniter4/framework/system/Database/MySQLi/Connection.php(306): mysqli->query('INSERT INTO `fo...', 0)
#1 /Applications/MAMP/htdocs/yesminegharbi/vendor/codeigniter4/framework/system/Database/BaseConnection.php(693): CodeIgniter\Database\MySQLi\Connection->execute('INSERT INTO `fo...')
#2 /Applications/MAMP/htdocs/yesminegharbi/vendor/codeigniter4/framework/system/Database/BaseConnection.php(607): CodeIgniter\Database\BaseConnection->simpleQuery('INSERT INTO `fo...')
#3 /Applications/MAMP/htdocs/yesminegharbi/vendor/codeigniter4/framework/system/Database/BaseBuilder.php(1803): CodeIgniter\Database\BaseConnection->query('INSERT INTO `fo...', NULL, false)
#4 /Applications/MAMP/htdocs/yesminegharbi/vendor/codeigniter4/framework/system/Database/BaseBuilder.php(2192): CodeIgniter\Database\BaseBuilder->batchExecute('_insertBatch', 100)
#5 /Applications/MAMP/htdocs/yesminegharbi/app/Database/Seeds/FormationSeeder.php(56): CodeIgniter\Database\BaseBuilder->insertBatch(Array)
#6 /Applications/MAMP/htdocs/yesminegharbi/vendor/codeigniter4/framework/system/Database/Seeder.php(145): App\Database\Seeds\FormationSeeder->run()
#7 /Applications/MAMP/htdocs/yesminegharbi/app/Database/Seeds/DatabaseSeeder.php(11): CodeIgniter\Database\Seeder->call('App\\Database\\Se...')
#8 /Applications/MAMP/htdocs/yesminegharbi/vendor/codeigniter4/framework/system/Database/Seeder.php(145): App\Database\Seeds\DatabaseSeeder->run()
#9 /Applications/MAMP/htdocs/yesminegharbi/vendor/codeigniter4/framework/system/Commands/Database/Seed.php(77): CodeIgniter\Database\Seeder->call('App\\Database\\Se...')
#10 /Applications/MAMP/htdocs/yesminegharbi/vendor/codeigniter4/framework/system/CLI/Commands.php(65): CodeIgniter\Commands\Database\Seed->run(Array)
#11 /Applications/MAMP/htdocs/yesminegharbi/vendor/codeigniter4/framework/system/CLI/Console.php(46): CodeIgniter\CLI\Commands->run('db:seed', Array)
#12 /Applications/MAMP/htdocs/yesminegharbi/spark(60): CodeIgniter\CLI\Console->run()
#13 {main}
INFO - 2026-06-07 22:20:54 --> Session: Class initialized using 'CodeIgniter\Session\Handlers\FileHandler' driver.
ERROR - 2026-06-07 22:20:54 --> mysqli_sql_exception: Table 'ygbd.formations' doesn't exist in /Applications/MAMP/htdocs/yesminegharbi/vendor/codeigniter4/framework/system/Database/MySQLi/Connection.php:306
Stack trace:
#0 /Applications/MAMP/htdocs/yesminegharbi/vendor/codeigniter4/framework/system/Database/MySQLi/Connection.php(306): mysqli->query('SELECT *\nFROM `...', 0)
#1 /Applications/MAMP/htdocs/yesminegharbi/vendor/codeigniter4/framework/system/Database/BaseConnection.php(693): CodeIgniter\Database\MySQLi\Connection->execute('SELECT *\nFROM `...')
#2 /Applications/MAMP/htdocs/yesminegharbi/vendor/codeigniter4/framework/system/Database/BaseConnection.php(607): CodeIgniter\Database\BaseConnection->simpleQuery('SELECT *\nFROM `...')
#3 /Applications/MAMP/htdocs/yesminegharbi/vendor/codeigniter4/framework/system/Database/BaseBuilder.php(1616): CodeIgniter\Database\BaseConnection->query('SELECT *\nFROM `...', Array, false)
#4 /Applications/MAMP/htdocs/yesminegharbi/vendor/codeigniter4/framework/system/Model.php(243): CodeIgniter\Database\BaseBuilder->get()
#5 /Applications/MAMP/htdocs/yesminegharbi/vendor/codeigniter4/framework/system/BaseModel.php(641): CodeIgniter\Model->doFindAll(3, 0)
#6 /Applications/MAMP/htdocs/yesminegharbi/app/Models/FormationModel.php(23): CodeIgniter\BaseModel->findAll(3)
#7 /Applications/MAMP/htdocs/yesminegharbi/app/Controllers/Home.php(20): App\Models\FormationModel->getAll(3)
#8 /Applications/MAMP/htdocs/yesminegharbi/vendor/codeigniter4/framework/system/CodeIgniter.php(943): App\Controllers\Home->index()
#9 /Applications/MAMP/htdocs/yesminegharbi/vendor/codeigniter4/framework/system/CodeIgniter.php(503): CodeIgniter\CodeIgniter->runController(Object(App\Controllers\Home))
#10 /Applications/MAMP/htdocs/yesminegharbi/vendor/codeigniter4/framework/system/CodeIgniter.php(361): CodeIgniter\CodeIgniter->handleRequest(NULL, Object(Config\Cache), false)
#11 /Applications/MAMP/htdocs/yesminegharbi/public/index.php(44): CodeIgniter\CodeIgniter->run()
#12 {main}
CRITICAL - 2026-06-07 22:20:54 --> CodeIgniter\Database\Exceptions\DatabaseException: Table 'ygbd.formations' doesn't exist
in SYSTEMPATH/Database/BaseConnection.php on line 647.
 1 SYSTEMPATH/Database/BaseBuilder.php(1616): CodeIgniter\Database\BaseConnection->query('SELECT *
FROM `formations`
ORDER BY `sort_order` ASC, `created_at` DESC
 LIMIT 3', [], false)
 2 SYSTEMPATH/Model.php(243): CodeIgniter\Database\BaseBuilder->get()
 3 SYSTEMPATH/BaseModel.php(641): CodeIgniter\Model->doFindAll(3, 0)
 4 APPPATH/Models/FormationModel.php(23): CodeIgniter\BaseModel->findAll(3)
 5 APPPATH/Controllers/Home.php(20): App\Models\FormationModel->getAll(3)
 6 SYSTEMPATH/CodeIgniter.php(943): App\Controllers\Home->index()
 7 SYSTEMPATH/CodeIgniter.php(503): CodeIgniter\CodeIgniter->runController(Object(App\Controllers\Home))
 8 SYSTEMPATH/CodeIgniter.php(361): CodeIgniter\CodeIgniter->handleRequest(null, Object(Config\Cache), false)
 9 FCPATH/index.php(44): CodeIgniter\CodeIgniter->run()
CRITICAL - 2026-06-07 22:20:54 --> [Caused by] CodeIgniter\Database\Exceptions\DatabaseException: Table 'ygbd.formations' doesn't exist
in SYSTEMPATH/Database/MySQLi/Connection.php on line 311.
 1 SYSTEMPATH/Database/BaseConnection.php(693): CodeIgniter\Database\MySQLi\Connection->execute('SELECT *
FROM `formations`
ORDER BY `sort_order` ASC, `created_at` DESC
 LIMIT 3')
 2 SYSTEMPATH/Database/BaseConnection.php(607): CodeIgniter\Database\BaseConnection->simpleQuery('SELECT *
FROM `formations`
ORDER BY `sort_order` ASC, `created_at` DESC
 LIMIT 3')
 3 SYSTEMPATH/Database/BaseBuilder.php(1616): CodeIgniter\Database\BaseConnection->query('SELECT *
FROM `formations`
ORDER BY `sort_order` ASC, `created_at` DESC
 LIMIT 3', [], false)
 4 SYSTEMPATH/Model.php(243): CodeIgniter\Database\BaseBuilder->get()
 5 SYSTEMPATH/BaseModel.php(641): CodeIgniter\Model->doFindAll(3, 0)
 6 APPPATH/Models/FormationModel.php(23): CodeIgniter\BaseModel->findAll(3)
 7 APPPATH/Controllers/Home.php(20): App\Models\FormationModel->getAll(3)
 8 SYSTEMPATH/CodeIgniter.php(943): App\Controllers\Home->index()
 9 SYSTEMPATH/CodeIgniter.php(503): CodeIgniter\CodeIgniter->runController(Object(App\Controllers\Home))
10 SYSTEMPATH/CodeIgniter.php(361): CodeIgniter\CodeIgniter->handleRequest(null, Object(Config\Cache), false)
11 FCPATH/index.php(44): CodeIgniter\CodeIgniter->run()
CRITICAL - 2026-06-07 22:20:54 --> [Caused by] mysqli_sql_exception: Table 'ygbd.formations' doesn't exist
in SYSTEMPATH/Database/MySQLi/Connection.php on line 306.
 1 SYSTEMPATH/Database/MySQLi/Connection.php(306): mysqli->query('SELECT *
FROM `formations`
ORDER BY `sort_order` ASC, `created_at` DESC
 LIMIT 3', 0)
 2 SYSTEMPATH/Database/BaseConnection.php(693): CodeIgniter\Database\MySQLi\Connection->execute('SELECT *
FROM `formations`
ORDER BY `sort_order` ASC, `created_at` DESC
 LIMIT 3')
 3 SYSTEMPATH/Database/BaseConnection.php(607): CodeIgniter\Database\BaseConnection->simpleQuery('SELECT *
FROM `formations`
ORDER BY `sort_order` ASC, `created_at` DESC
 LIMIT 3')
 4 SYSTEMPATH/Database/BaseBuilder.php(1616): CodeIgniter\Database\BaseConnection->query('SELECT *
FROM `formations`
ORDER BY `sort_order` ASC, `created_at` DESC
 LIMIT 3', [], false)
 5 SYSTEMPATH/Model.php(243): CodeIgniter\Database\BaseBuilder->get()
 6 SYSTEMPATH/BaseModel.php(641): CodeIgniter\Model->doFindAll(3, 0)
 7 APPPATH/Models/FormationModel.php(23): CodeIgniter\BaseModel->findAll(3)
 8 APPPATH/Controllers/Home.php(20): App\Models\FormationModel->getAll(3)
 9 SYSTEMPATH/CodeIgniter.php(943): App\Controllers\Home->index()
10 SYSTEMPATH/CodeIgniter.php(503): CodeIgniter\CodeIgniter->runController(Object(App\Controllers\Home))
11 SYSTEMPATH/CodeIgniter.php(361): CodeIgniter\CodeIgniter->handleRequest(null, Object(Config\Cache), false)
12 FCPATH/index.php(44): CodeIgniter\CodeIgniter->run()
INFO - 2026-06-07 22:21:45 --> Session: Class initialized using 'CodeIgniter\Session\Handlers\FileHandler' driver.
ERROR - 2026-06-07 22:21:45 --> mysqli_sql_exception: Table 'ygbd.settings' doesn't exist in /Applications/MAMP/htdocs/yesminegharbi/vendor/codeigniter4/framework/system/Database/MySQLi/Connection.php:306
Stack trace:
#0 /Applications/MAMP/htdocs/yesminegharbi/vendor/codeigniter4/framework/system/Database/MySQLi/Connection.php(306): mysqli->query('SELECT *\nFROM `...', 0)
#1 /Applications/MAMP/htdocs/yesminegharbi/vendor/codeigniter4/framework/system/Database/BaseConnection.php(693): CodeIgniter\Database\MySQLi\Connection->execute('SELECT *\nFROM `...')
#2 /Applications/MAMP/htdocs/yesminegharbi/vendor/codeigniter4/framework/system/Database/BaseConnection.php(607): CodeIgniter\Database\BaseConnection->simpleQuery('SELECT *\nFROM `...')
#3 /Applications/MAMP/htdocs/yesminegharbi/vendor/codeigniter4/framework/system/Database/BaseBuilder.php(1616): CodeIgniter\Database\BaseConnection->query('SELECT *\nFROM `...', Array, false)
#4 /Applications/MAMP/htdocs/yesminegharbi/vendor/codeigniter4/framework/system/Model.php(243): CodeIgniter\Database\BaseBuilder->get()
#5 /Applications/MAMP/htdocs/yesminegharbi/vendor/codeigniter4/framework/system/BaseModel.php(641): CodeIgniter\Model->doFindAll(0, 0)
#6 /Applications/MAMP/htdocs/yesminegharbi/app/Models/SettingsModel.php(20): CodeIgniter\BaseModel->findAll()
#7 /Applications/MAMP/htdocs/yesminegharbi/app/Controllers/Home.php(23): App\Models\SettingsModel->getAll()
#8 /Applications/MAMP/htdocs/yesminegharbi/vendor/codeigniter4/framework/system/CodeIgniter.php(943): App\Controllers\Home->index()
#9 /Applications/MAMP/htdocs/yesminegharbi/vendor/codeigniter4/framework/system/CodeIgniter.php(503): CodeIgniter\CodeIgniter->runController(Object(App\Controllers\Home))
#10 /Applications/MAMP/htdocs/yesminegharbi/vendor/codeigniter4/framework/system/CodeIgniter.php(361): CodeIgniter\CodeIgniter->handleRequest(NULL, Object(Config\Cache), false)
#11 /Applications/MAMP/htdocs/yesminegharbi/public/index.php(44): CodeIgniter\CodeIgniter->run()
#12 {main}
CRITICAL - 2026-06-07 22:21:45 --> CodeIgniter\Database\Exceptions\DatabaseException: Table 'ygbd.settings' doesn't exist
in SYSTEMPATH/Database/BaseConnection.php on line 647.
 1 SYSTEMPATH/Database/BaseBuilder.php(1616): CodeIgniter\Database\BaseConnection->query('SELECT *
FROM `settings`', [], false)
 2 SYSTEMPATH/Model.php(243): CodeIgniter\Database\BaseBuilder->get()
 3 SYSTEMPATH/BaseModel.php(641): CodeIgniter\Model->doFindAll(0, 0)
 4 APPPATH/Models/SettingsModel.php(20): CodeIgniter\BaseModel->findAll()
 5 APPPATH/Controllers/Home.php(23): App\Models\SettingsModel->getAll()
 6 SYSTEMPATH/CodeIgniter.php(943): App\Controllers\Home->index()
 7 SYSTEMPATH/CodeIgniter.php(503): CodeIgniter\CodeIgniter->runController(Object(App\Controllers\Home))
 8 SYSTEMPATH/CodeIgniter.php(361): CodeIgniter\CodeIgniter->handleRequest(null, Object(Config\Cache), false)
 9 FCPATH/index.php(44): CodeIgniter\CodeIgniter->run()
CRITICAL - 2026-06-07 22:21:45 --> [Caused by] CodeIgniter\Database\Exceptions\DatabaseException: Table 'ygbd.settings' doesn't exist
in SYSTEMPATH/Database/MySQLi/Connection.php on line 311.
 1 SYSTEMPATH/Database/BaseConnection.php(693): CodeIgniter\Database\MySQLi\Connection->execute('SELECT *
FROM `settings`')
 2 SYSTEMPATH/Database/BaseConnection.php(607): CodeIgniter\Database\BaseConnection->simpleQuery('SELECT *
FROM `settings`')
 3 SYSTEMPATH/Database/BaseBuilder.php(1616): CodeIgniter\Database\BaseConnection->query('SELECT *
FROM `settings`', [], false)
 4 SYSTEMPATH/Model.php(243): CodeIgniter\Database\BaseBuilder->get()
 5 SYSTEMPATH/BaseModel.php(641): CodeIgniter\Model->doFindAll(0, 0)
 6 APPPATH/Models/SettingsModel.php(20): CodeIgniter\BaseModel->findAll()
 7 APPPATH/Controllers/Home.php(23): App\Models\SettingsModel->getAll()
 8 SYSTEMPATH/CodeIgniter.php(943): App\Controllers\Home->index()
 9 SYSTEMPATH/CodeIgniter.php(503): CodeIgniter\CodeIgniter->runController(Object(App\Controllers\Home))
10 SYSTEMPATH/CodeIgniter.php(361): CodeIgniter\CodeIgniter->handleRequest(null, Object(Config\Cache), false)
11 FCPATH/index.php(44): CodeIgniter\CodeIgniter->run()
CRITICAL - 2026-06-07 22:21:45 --> [Caused by] mysqli_sql_exception: Table 'ygbd.settings' doesn't exist
in SYSTEMPATH/Database/MySQLi/Connection.php on line 306.
 1 SYSTEMPATH/Database/MySQLi/Connection.php(306): mysqli->query('SELECT *
FROM `settings`', 0)
 2 SYSTEMPATH/Database/BaseConnection.php(693): CodeIgniter\Database\MySQLi\Connection->execute('SELECT *
FROM `settings`')
 3 SYSTEMPATH/Database/BaseConnection.php(607): CodeIgniter\Database\BaseConnection->simpleQuery('SELECT *
FROM `settings`')
 4 SYSTEMPATH/Database/BaseBuilder.php(1616): CodeIgniter\Database\BaseConnection->query('SELECT *
FROM `settings`', [], false)
 5 SYSTEMPATH/Model.php(243): CodeIgniter\Database\BaseBuilder->get()
 6 SYSTEMPATH/BaseModel.php(641): CodeIgniter\Model->doFindAll(0, 0)
 7 APPPATH/Models/SettingsModel.php(20): CodeIgniter\BaseModel->findAll()
 8 APPPATH/Controllers/Home.php(23): App\Models\SettingsModel->getAll()
 9 SYSTEMPATH/CodeIgniter.php(943): App\Controllers\Home->index()
10 SYSTEMPATH/CodeIgniter.php(503): CodeIgniter\CodeIgniter->runController(Object(App\Controllers\Home))
11 SYSTEMPATH/CodeIgniter.php(361): CodeIgniter\CodeIgniter->handleRequest(null, Object(Config\Cache), false)
12 FCPATH/index.php(44): CodeIgniter\CodeIgniter->run()
INFO - 2026-06-07 22:22:34 --> Session: Class initialized using 'CodeIgniter\Session\Handlers\FileHandler' driver.
INFO - 2026-06-07 22:22:47 --> Session: Class initialized using 'CodeIgniter\Session\Handlers\FileHandler' driver.
INFO - 2026-06-07 22:24:31 --> Session: Class initialized using 'CodeIgniter\Session\Handlers\FileHandler' driver.
INFO - 2026-06-07 22:24:33 --> Session: Class initialized using 'CodeIgniter\Session\Handlers\FileHandler' driver.
INFO - 2026-06-07 22:24:37 --> Session: Class initialized using 'CodeIgniter\Session\Handlers\FileHandler' driver.
INFO - 2026-06-07 22:24:58 --> Session: Class initialized using 'CodeIgniter\Session\Handlers\FileHandler' driver.
INFO - 2026-06-07 22:24:58 --> Session: Class initialized using 'CodeIgniter\Session\Handlers\FileHandler' driver.
INFO - 2026-06-07 22:25:21 --> Session: Class initialized using 'CodeIgniter\Session\Handlers\FileHandler' driver.
INFO - 2026-06-07 22:25:21 --> Session: Class initialized using 'CodeIgniter\Session\Handlers\FileHandler' driver.
INFO - 2026-06-07 22:25:26 --> Session: Class initialized using 'CodeIgniter\Session\Handlers\FileHandler' driver.
=======
INFO - 2026-06-07 21:08:21 --> Session: Class initialized using 'CodeIgniter\Session\Handlers\FileHandler' driver.
INFO - 2026-06-07 21:10:20 --> Session: Class initialized using 'CodeIgniter\Session\Handlers\FileHandler' driver.
INFO - 2026-06-07 21:10:25 --> Session: Class initialized using 'CodeIgniter\Session\Handlers\FileHandler' driver.
INFO - 2026-06-07 21:10:51 --> Session: Class initialized using 'CodeIgniter\Session\Handlers\FileHandler' driver.
INFO - 2026-06-07 21:11:01 --> Session: Class initialized using 'CodeIgniter\Session\Handlers\FileHandler' driver.
INFO - 2026-06-07 21:11:05 --> Session: Class initialized using 'CodeIgniter\Session\Handlers\FileHandler' driver.
INFO - 2026-06-07 21:11:11 --> Session: Class initialized using 'CodeIgniter\Session\Handlers\FileHandler' driver.
INFO - 2026-06-07 21:11:12 --> Session: Class initialized using 'CodeIgniter\Session\Handlers\FileHandler' driver.
INFO - 2026-06-07 21:11:15 --> Session: Class initialized using 'CodeIgniter\Session\Handlers\FileHandler' driver.
INFO - 2026-06-07 21:13:23 --> Session: Class initialized using 'CodeIgniter\Session\Handlers\FileHandler' driver.
INFO - 2026-06-07 21:14:38 --> Session: Class initialized using 'CodeIgniter\Session\Handlers\FileHandler' driver.
INFO - 2026-06-07 21:14:47 --> Session: Class initialized using 'CodeIgniter\Session\Handlers\FileHandler' driver.
INFO - 2026-06-07 21:21:29 --> Session: Class initialized using 'CodeIgniter\Session\Handlers\FileHandler' driver.
INFO - 2026-06-07 22:33:40 --> Session: Class initialized using 'CodeIgniter\Session\Handlers\FileHandler' driver.
INFO - 2026-06-07 22:33:40 --> Session: Class initialized using 'CodeIgniter\Session\Handlers\FileHandler' driver.
CRITICAL - 2026-06-07 22:33:51 --> ErrorException: unlink(C:\xampp1\htdocs\yesminegharbi\writable\debugbar/debugbar_1780860899.856965.json): No such file or directory
in SYSTEMPATH\Debug\Toolbar\Collectors\History.php on line 80.
 1 [internal function]: CodeIgniter\Debug\Exceptions->errorHandler(2, 'unlink(C:\\xampp1\\htdocs\\yesminegharbi\\writable\\debugbar/debugbar_1780860899.856965.json): No such file or directory', 'C:\\xampp1\\htdocs\\yesminegharbi\\vendor\\codeigniter4\\framework\\system\\Debug\\Toolbar\\Collectors\\History.php', 80)
 2 SYSTEMPATH\Debug\Toolbar\Collectors\History.php(80): unlink('C:\\xampp1\\htdocs\\yesminegharbi\\writable\\debugbar/debugbar_1780860899.856965.json')
 3 SYSTEMPATH\Debug\Toolbar.php(496): CodeIgniter\Debug\Toolbar\Collectors\History->setFiles('1780868026.143907', 20)
 4 SYSTEMPATH\Debug\Toolbar.php(475): CodeIgniter\Debug\Toolbar->format([...], 'html')
 5 APPPATH\Config\Events.php(47): CodeIgniter\Debug\Toolbar->respond()
 6 SYSTEMPATH\Events\Events.php(154): CodeIgniter\Events\Events::Config\{closure}()
 7 SYSTEMPATH\CodeIgniter.php(442): CodeIgniter\Events\Events::trigger('pre_system')
 8 SYSTEMPATH\CodeIgniter.php(361): CodeIgniter\CodeIgniter->handleRequest(null, Object(Config\Cache), false)
 9 FCPATH\index.php(44): CodeIgniter\CodeIgniter->run()
>>>>>>> f35a94d6bcbc672f39378f0906bd16ad4d7e8e1e
INFO - 2026-06-07 22:41:19 --> Session: Class initialized using 'CodeIgniter\Session\Handlers\FileHandler' driver.
INFO - 2026-06-07 22:41:22 --> Session: Class initialized using 'CodeIgniter\Session\Handlers\FileHandler' driver.
INFO - 2026-06-07 22:41:28 --> Session: Class initialized using 'CodeIgniter\Session\Handlers\FileHandler' driver.
INFO - 2026-06-07 22:41:30 --> Session: Class initialized using 'CodeIgniter\Session\Handlers\FileHandler' driver.
INFO - 2026-06-07 22:48:31 --> Session: Class initialized using 'CodeIgniter\Session\Handlers\FileHandler' driver.
