INFO - 2026-07-05 18:46:42 --> Session: Class initialized using 'CodeIgniter\Session\Handlers\FileHandler' driver.
ERROR - 2026-07-05 18:46:42 --> Error connecting to the database: mysqli_sql_exception: Access denied for user 'root'@'localhost' (using password: YES) in C:\xampp1\htdocs\yesminegharbi\vendor\codeigniter4\framework\system\Database\MySQLi\Connection.php:184
Stack trace:
#0 C:\xampp1\htdocs\yesminegharbi\vendor\codeigniter4\framework\system\Database\MySQLi\Connection.php(184): mysqli->real_connect('127.0.0.1', 'root', Object(SensitiveParameterValue), 'YGBD', 3307, '', 0)
#1 C:\xampp1\htdocs\yesminegharbi\vendor\codeigniter4\framework\system\Database\BaseConnection.php(392): CodeIgniter\Database\MySQLi\Connection->connect(false)
#2 C:\xampp1\htdocs\yesminegharbi\vendor\codeigniter4\framework\system\Database\BaseConnection.php(575): CodeIgniter\Database\BaseConnection->initialize()
#3 C:\xampp1\htdocs\yesminegharbi\vendor\codeigniter4\framework\system\Database\BaseBuilder.php(1616): CodeIgniter\Database\BaseConnection->query('SELECT *\nFROM `...', Array, false)
#4 C:\xampp1\htdocs\yesminegharbi\vendor\codeigniter4\framework\system\Model.php(243): CodeIgniter\Database\BaseBuilder->get()
#5 C:\xampp1\htdocs\yesminegharbi\vendor\codeigniter4\framework\system\BaseModel.php(641): CodeIgniter\Model->doFindAll(3, 0)
#6 C:\xampp1\htdocs\yesminegharbi\app\Models\FormationModel.php(23): CodeIgniter\BaseModel->findAll(3)
#7 C:\xampp1\htdocs\yesminegharbi\app\Controllers\Home.php(20): App\Models\FormationModel->getAll(3)
#8 C:\xampp1\htdocs\yesminegharbi\vendor\codeigniter4\framework\system\CodeIgniter.php(943): App\Controllers\Home->index()
#9 C:\xampp1\htdocs\yesminegharbi\vendor\codeigniter4\framework\system\CodeIgniter.php(503): CodeIgniter\CodeIgniter->runController(Object(App\Controllers\Home))
#10 C:\xampp1\htdocs\yesminegharbi\vendor\codeigniter4\framework\system\CodeIgniter.php(361): CodeIgniter\CodeIgniter->handleRequest(NULL, Object(Config\Cache), false)
#11 C:\xampp1\htdocs\yesminegharbi\public\index.php(44): CodeIgniter\CodeIgniter->run()
#12 {main}

Next CodeIgniter\Database\Exceptions\DatabaseException: Access denied for user '****'@'localhost' (using password: YES) in C:\xampp1\htdocs\yesminegharbi\vendor\codeigniter4\framework\system\Database\MySQLi\Connection.php:229
Stack trace:
#0 C:\xampp1\htdocs\yesminegharbi\vendor\codeigniter4\framework\system\Database\BaseConnection.php(392): CodeIgniter\Database\MySQLi\Connection->connect(false)
#1 C:\xampp1\htdocs\yesminegharbi\vendor\codeigniter4\framework\system\Database\BaseConnection.php(575): CodeIgniter\Database\BaseConnection->initialize()
#2 C:\xampp1\htdocs\yesminegharbi\vendor\codeigniter4\framework\system\Database\BaseBuilder.php(1616): CodeIgniter\Database\BaseConnection->query('SELECT *\nFROM `...', Array, false)
#3 C:\xampp1\htdocs\yesminegharbi\vendor\codeigniter4\framework\system\Model.php(243): CodeIgniter\Database\BaseBuilder->get()
#4 C:\xampp1\htdocs\yesminegharbi\vendor\codeigniter4\framework\system\BaseModel.php(641): CodeIgniter\Model->doFindAll(3, 0)
#5 C:\xampp1\htdocs\yesminegharbi\app\Models\FormationModel.php(23): CodeIgniter\BaseModel->findAll(3)
#6 C:\xampp1\htdocs\yesminegharbi\app\Controllers\Home.php(20): App\Models\FormationModel->getAll(3)
#7 C:\xampp1\htdocs\yesminegharbi\vendor\codeigniter4\framework\system\CodeIgniter.php(943): App\Controllers\Home->index()
#8 C:\xampp1\htdocs\yesminegharbi\vendor\codeigniter4\framework\system\CodeIgniter.php(503): CodeIgniter\CodeIgniter->runController(Object(App\Controllers\Home))
#9 C:\xampp1\htdocs\yesminegharbi\vendor\codeigniter4\framework\system\CodeIgniter.php(361): CodeIgniter\CodeIgniter->handleRequest(NULL, Object(Config\Cache), false)
#10 C:\xampp1\htdocs\yesminegharbi\public\index.php(44): CodeIgniter\CodeIgniter->run()
#11 {main}
CRITICAL - 2026-07-05 18:46:42 --> CodeIgniter\Database\Exceptions\DatabaseException: Unable to connect to the database.
Main connection [MySQLi]: Access denied for user '****'@'localhost' (using password: YES)
in SYSTEMPATH\Database\BaseConnection.php on line 428.
 1 SYSTEMPATH\Database\BaseConnection.php(575): CodeIgniter\Database\BaseConnection->initialize()
 2 SYSTEMPATH\Database\BaseBuilder.php(1616): CodeIgniter\Database\BaseConnection->query('SELECT *
FROM `formations`
ORDER BY `sort_order` ASC, `created_at` DESC
 LIMIT 3', [], false)
 3 SYSTEMPATH\Model.php(243): CodeIgniter\Database\BaseBuilder->get()
 4 SYSTEMPATH\BaseModel.php(641): CodeIgniter\Model->doFindAll(3, 0)
 5 APPPATH\Models\FormationModel.php(23): CodeIgniter\BaseModel->findAll(3)
 6 APPPATH\Controllers\Home.php(20): App\Models\FormationModel->getAll(3)
 7 SYSTEMPATH\CodeIgniter.php(943): App\Controllers\Home->index()
 8 SYSTEMPATH\CodeIgniter.php(503): CodeIgniter\CodeIgniter->runController(Object(App\Controllers\Home))
 9 SYSTEMPATH\CodeIgniter.php(361): CodeIgniter\CodeIgniter->handleRequest(null, Object(Config\Cache), false)
10 FCPATH\index.php(44): CodeIgniter\CodeIgniter->run()
INFO - 2026-07-05 18:47:02 --> Session: Class initialized using 'CodeIgniter\Session\Handlers\FileHandler' driver.
ERROR - 2026-07-05 18:47:02 --> Error connecting to the database: mysqli_sql_exception: Access denied for user 'root'@'localhost' (using password: YES) in C:\xampp1\htdocs\yesminegharbi\vendor\codeigniter4\framework\system\Database\MySQLi\Connection.php:184
Stack trace:
#0 C:\xampp1\htdocs\yesminegharbi\vendor\codeigniter4\framework\system\Database\MySQLi\Connection.php(184): mysqli->real_connect('127.0.0.1', 'root', Object(SensitiveParameterValue), 'YGBD', 3307, '', 0)
#1 C:\xampp1\htdocs\yesminegharbi\vendor\codeigniter4\framework\system\Database\BaseConnection.php(392): CodeIgniter\Database\MySQLi\Connection->connect(false)
#2 C:\xampp1\htdocs\yesminegharbi\vendor\codeigniter4\framework\system\Database\BaseConnection.php(575): CodeIgniter\Database\BaseConnection->initialize()
#3 C:\xampp1\htdocs\yesminegharbi\vendor\codeigniter4\framework\system\Database\BaseBuilder.php(1616): CodeIgniter\Database\BaseConnection->query('SELECT *\nFROM `...', Array, false)
#4 C:\xampp1\htdocs\yesminegharbi\vendor\codeigniter4\framework\system\Model.php(243): CodeIgniter\Database\BaseBuilder->get()
#5 C:\xampp1\htdocs\yesminegharbi\vendor\codeigniter4\framework\system\BaseModel.php(641): CodeIgniter\Model->doFindAll(3, 0)
#6 C:\xampp1\htdocs\yesminegharbi\app\Models\FormationModel.php(23): CodeIgniter\BaseModel->findAll(3)
#7 C:\xampp1\htdocs\yesminegharbi\app\Controllers\Home.php(20): App\Models\FormationModel->getAll(3)
#8 C:\xampp1\htdocs\yesminegharbi\vendor\codeigniter4\framework\system\CodeIgniter.php(943): App\Controllers\Home->index()
#9 C:\xampp1\htdocs\yesminegharbi\vendor\codeigniter4\framework\system\CodeIgniter.php(503): CodeIgniter\CodeIgniter->runController(Object(App\Controllers\Home))
#10 C:\xampp1\htdocs\yesminegharbi\vendor\codeigniter4\framework\system\CodeIgniter.php(361): CodeIgniter\CodeIgniter->handleRequest(NULL, Object(Config\Cache), false)
#11 C:\xampp1\htdocs\yesminegharbi\public\index.php(44): CodeIgniter\CodeIgniter->run()
#12 {main}

Next CodeIgniter\Database\Exceptions\DatabaseException: Access denied for user '****'@'localhost' (using password: YES) in C:\xampp1\htdocs\yesminegharbi\vendor\codeigniter4\framework\system\Database\MySQLi\Connection.php:229
Stack trace:
#0 C:\xampp1\htdocs\yesminegharbi\vendor\codeigniter4\framework\system\Database\BaseConnection.php(392): CodeIgniter\Database\MySQLi\Connection->connect(false)
#1 C:\xampp1\htdocs\yesminegharbi\vendor\codeigniter4\framework\system\Database\BaseConnection.php(575): CodeIgniter\Database\BaseConnection->initialize()
#2 C:\xampp1\htdocs\yesminegharbi\vendor\codeigniter4\framework\system\Database\BaseBuilder.php(1616): CodeIgniter\Database\BaseConnection->query('SELECT *\nFROM `...', Array, false)
#3 C:\xampp1\htdocs\yesminegharbi\vendor\codeigniter4\framework\system\Model.php(243): CodeIgniter\Database\BaseBuilder->get()
#4 C:\xampp1\htdocs\yesminegharbi\vendor\codeigniter4\framework\system\BaseModel.php(641): CodeIgniter\Model->doFindAll(3, 0)
#5 C:\xampp1\htdocs\yesminegharbi\app\Models\FormationModel.php(23): CodeIgniter\BaseModel->findAll(3)
#6 C:\xampp1\htdocs\yesminegharbi\app\Controllers\Home.php(20): App\Models\FormationModel->getAll(3)
#7 C:\xampp1\htdocs\yesminegharbi\vendor\codeigniter4\framework\system\CodeIgniter.php(943): App\Controllers\Home->index()
#8 C:\xampp1\htdocs\yesminegharbi\vendor\codeigniter4\framework\system\CodeIgniter.php(503): CodeIgniter\CodeIgniter->runController(Object(App\Controllers\Home))
#9 C:\xampp1\htdocs\yesminegharbi\vendor\codeigniter4\framework\system\CodeIgniter.php(361): CodeIgniter\CodeIgniter->handleRequest(NULL, Object(Config\Cache), false)
#10 C:\xampp1\htdocs\yesminegharbi\public\index.php(44): CodeIgniter\CodeIgniter->run()
#11 {main}
CRITICAL - 2026-07-05 18:47:02 --> CodeIgniter\Database\Exceptions\DatabaseException: Unable to connect to the database.
Main connection [MySQLi]: Access denied for user '****'@'localhost' (using password: YES)
in SYSTEMPATH\Database\BaseConnection.php on line 428.
 1 SYSTEMPATH\Database\BaseConnection.php(575): CodeIgniter\Database\BaseConnection->initialize()
 2 SYSTEMPATH\Database\BaseBuilder.php(1616): CodeIgniter\Database\BaseConnection->query('SELECT *
FROM `formations`
ORDER BY `sort_order` ASC, `created_at` DESC
 LIMIT 3', [], false)
 3 SYSTEMPATH\Model.php(243): CodeIgniter\Database\BaseBuilder->get()
 4 SYSTEMPATH\BaseModel.php(641): CodeIgniter\Model->doFindAll(3, 0)
 5 APPPATH\Models\FormationModel.php(23): CodeIgniter\BaseModel->findAll(3)
 6 APPPATH\Controllers\Home.php(20): App\Models\FormationModel->getAll(3)
 7 SYSTEMPATH\CodeIgniter.php(943): App\Controllers\Home->index()
 8 SYSTEMPATH\CodeIgniter.php(503): CodeIgniter\CodeIgniter->runController(Object(App\Controllers\Home))
 9 SYSTEMPATH\CodeIgniter.php(361): CodeIgniter\CodeIgniter->handleRequest(null, Object(Config\Cache), false)
10 FCPATH\index.php(44): CodeIgniter\CodeIgniter->run()
INFO - 2026-07-05 18:48:09 --> Session: Class initialized using 'CodeIgniter\Session\Handlers\FileHandler' driver.
ERROR - 2026-07-05 18:48:09 --> Error connecting to the database: mysqli_sql_exception: Access denied for user 'root'@'localhost' (using password: YES) in C:\xampp1\htdocs\yesminegharbi\vendor\codeigniter4\framework\system\Database\MySQLi\Connection.php:184
Stack trace:
#0 C:\xampp1\htdocs\yesminegharbi\vendor\codeigniter4\framework\system\Database\MySQLi\Connection.php(184): mysqli->real_connect('127.0.0.1', 'root', Object(SensitiveParameterValue), 'YGBD', 3307, '', 0)
#1 C:\xampp1\htdocs\yesminegharbi\vendor\codeigniter4\framework\system\Database\BaseConnection.php(392): CodeIgniter\Database\MySQLi\Connection->connect(false)
#2 C:\xampp1\htdocs\yesminegharbi\vendor\codeigniter4\framework\system\Database\BaseConnection.php(575): CodeIgniter\Database\BaseConnection->initialize()
#3 C:\xampp1\htdocs\yesminegharbi\vendor\codeigniter4\framework\system\Database\BaseBuilder.php(1616): CodeIgniter\Database\BaseConnection->query('SELECT *\nFROM `...', Array, false)
#4 C:\xampp1\htdocs\yesminegharbi\vendor\codeigniter4\framework\system\Model.php(243): CodeIgniter\Database\BaseBuilder->get()
#5 C:\xampp1\htdocs\yesminegharbi\vendor\codeigniter4\framework\system\BaseModel.php(641): CodeIgniter\Model->doFindAll(3, 0)
#6 C:\xampp1\htdocs\yesminegharbi\app\Models\FormationModel.php(23): CodeIgniter\BaseModel->findAll(3)
#7 C:\xampp1\htdocs\yesminegharbi\app\Controllers\Home.php(20): App\Models\FormationModel->getAll(3)
#8 C:\xampp1\htdocs\yesminegharbi\vendor\codeigniter4\framework\system\CodeIgniter.php(943): App\Controllers\Home->index()
#9 C:\xampp1\htdocs\yesminegharbi\vendor\codeigniter4\framework\system\CodeIgniter.php(503): CodeIgniter\CodeIgniter->runController(Object(App\Controllers\Home))
#10 C:\xampp1\htdocs\yesminegharbi\vendor\codeigniter4\framework\system\CodeIgniter.php(361): CodeIgniter\CodeIgniter->handleRequest(NULL, Object(Config\Cache), false)
#11 C:\xampp1\htdocs\yesminegharbi\public\index.php(44): CodeIgniter\CodeIgniter->run()
#12 {main}

Next CodeIgniter\Database\Exceptions\DatabaseException: Access denied for user '****'@'localhost' (using password: YES) in C:\xampp1\htdocs\yesminegharbi\vendor\codeigniter4\framework\system\Database\MySQLi\Connection.php:229
Stack trace:
#0 C:\xampp1\htdocs\yesminegharbi\vendor\codeigniter4\framework\system\Database\BaseConnection.php(392): CodeIgniter\Database\MySQLi\Connection->connect(false)
#1 C:\xampp1\htdocs\yesminegharbi\vendor\codeigniter4\framework\system\Database\BaseConnection.php(575): CodeIgniter\Database\BaseConnection->initialize()
#2 C:\xampp1\htdocs\yesminegharbi\vendor\codeigniter4\framework\system\Database\BaseBuilder.php(1616): CodeIgniter\Database\BaseConnection->query('SELECT *\nFROM `...', Array, false)
#3 C:\xampp1\htdocs\yesminegharbi\vendor\codeigniter4\framework\system\Model.php(243): CodeIgniter\Database\BaseBuilder->get()
#4 C:\xampp1\htdocs\yesminegharbi\vendor\codeigniter4\framework\system\BaseModel.php(641): CodeIgniter\Model->doFindAll(3, 0)
#5 C:\xampp1\htdocs\yesminegharbi\app\Models\FormationModel.php(23): CodeIgniter\BaseModel->findAll(3)
#6 C:\xampp1\htdocs\yesminegharbi\app\Controllers\Home.php(20): App\Models\FormationModel->getAll(3)
#7 C:\xampp1\htdocs\yesminegharbi\vendor\codeigniter4\framework\system\CodeIgniter.php(943): App\Controllers\Home->index()
#8 C:\xampp1\htdocs\yesminegharbi\vendor\codeigniter4\framework\system\CodeIgniter.php(503): CodeIgniter\CodeIgniter->runController(Object(App\Controllers\Home))
#9 C:\xampp1\htdocs\yesminegharbi\vendor\codeigniter4\framework\system\CodeIgniter.php(361): CodeIgniter\CodeIgniter->handleRequest(NULL, Object(Config\Cache), false)
#10 C:\xampp1\htdocs\yesminegharbi\public\index.php(44): CodeIgniter\CodeIgniter->run()
#11 {main}
CRITICAL - 2026-07-05 18:48:09 --> CodeIgniter\Database\Exceptions\DatabaseException: Unable to connect to the database.
Main connection [MySQLi]: Access denied for user '****'@'localhost' (using password: YES)
in SYSTEMPATH\Database\BaseConnection.php on line 428.
 1 SYSTEMPATH\Database\BaseConnection.php(575): CodeIgniter\Database\BaseConnection->initialize()
 2 SYSTEMPATH\Database\BaseBuilder.php(1616): CodeIgniter\Database\BaseConnection->query('SELECT *
FROM `formations`
ORDER BY `sort_order` ASC, `created_at` DESC
 LIMIT 3', [], false)
 3 SYSTEMPATH\Model.php(243): CodeIgniter\Database\BaseBuilder->get()
 4 SYSTEMPATH\BaseModel.php(641): CodeIgniter\Model->doFindAll(3, 0)
 5 APPPATH\Models\FormationModel.php(23): CodeIgniter\BaseModel->findAll(3)
 6 APPPATH\Controllers\Home.php(20): App\Models\FormationModel->getAll(3)
 7 SYSTEMPATH\CodeIgniter.php(943): App\Controllers\Home->index()
 8 SYSTEMPATH\CodeIgniter.php(503): CodeIgniter\CodeIgniter->runController(Object(App\Controllers\Home))
 9 SYSTEMPATH\CodeIgniter.php(361): CodeIgniter\CodeIgniter->handleRequest(null, Object(Config\Cache), false)
10 FCPATH\index.php(44): CodeIgniter\CodeIgniter->run()
INFO - 2026-07-05 18:48:11 --> Session: Class initialized using 'CodeIgniter\Session\Handlers\FileHandler' driver.
ERROR - 2026-07-05 18:48:11 --> Error connecting to the database: mysqli_sql_exception: Access denied for user 'root'@'localhost' (using password: YES) in C:\xampp1\htdocs\yesminegharbi\vendor\codeigniter4\framework\system\Database\MySQLi\Connection.php:184
Stack trace:
#0 C:\xampp1\htdocs\yesminegharbi\vendor\codeigniter4\framework\system\Database\MySQLi\Connection.php(184): mysqli->real_connect('127.0.0.1', 'root', Object(SensitiveParameterValue), 'YGBD', 3307, '', 0)
#1 C:\xampp1\htdocs\yesminegharbi\vendor\codeigniter4\framework\system\Database\BaseConnection.php(392): CodeIgniter\Database\MySQLi\Connection->connect(false)
#2 C:\xampp1\htdocs\yesminegharbi\vendor\codeigniter4\framework\system\Database\BaseConnection.php(575): CodeIgniter\Database\BaseConnection->initialize()
#3 C:\xampp1\htdocs\yesminegharbi\vendor\codeigniter4\framework\system\Database\BaseBuilder.php(1616): CodeIgniter\Database\BaseConnection->query('SELECT *\nFROM `...', Array, false)
#4 C:\xampp1\htdocs\yesminegharbi\vendor\codeigniter4\framework\system\Model.php(243): CodeIgniter\Database\BaseBuilder->get()
#5 C:\xampp1\htdocs\yesminegharbi\vendor\codeigniter4\framework\system\BaseModel.php(641): CodeIgniter\Model->doFindAll(3, 0)
#6 C:\xampp1\htdocs\yesminegharbi\app\Models\FormationModel.php(23): CodeIgniter\BaseModel->findAll(3)
#7 C:\xampp1\htdocs\yesminegharbi\app\Controllers\Home.php(20): App\Models\FormationModel->getAll(3)
#8 C:\xampp1\htdocs\yesminegharbi\vendor\codeigniter4\framework\system\CodeIgniter.php(943): App\Controllers\Home->index()
#9 C:\xampp1\htdocs\yesminegharbi\vendor\codeigniter4\framework\system\CodeIgniter.php(503): CodeIgniter\CodeIgniter->runController(Object(App\Controllers\Home))
#10 C:\xampp1\htdocs\yesminegharbi\vendor\codeigniter4\framework\system\CodeIgniter.php(361): CodeIgniter\CodeIgniter->handleRequest(NULL, Object(Config\Cache), false)
#11 C:\xampp1\htdocs\yesminegharbi\public\index.php(44): CodeIgniter\CodeIgniter->run()
#12 {main}

Next CodeIgniter\Database\Exceptions\DatabaseException: Access denied for user '****'@'localhost' (using password: YES) in C:\xampp1\htdocs\yesminegharbi\vendor\codeigniter4\framework\system\Database\MySQLi\Connection.php:229
Stack trace:
#0 C:\xampp1\htdocs\yesminegharbi\vendor\codeigniter4\framework\system\Database\BaseConnection.php(392): CodeIgniter\Database\MySQLi\Connection->connect(false)
#1 C:\xampp1\htdocs\yesminegharbi\vendor\codeigniter4\framework\system\Database\BaseConnection.php(575): CodeIgniter\Database\BaseConnection->initialize()
#2 C:\xampp1\htdocs\yesminegharbi\vendor\codeigniter4\framework\system\Database\BaseBuilder.php(1616): CodeIgniter\Database\BaseConnection->query('SELECT *\nFROM `...', Array, false)
#3 C:\xampp1\htdocs\yesminegharbi\vendor\codeigniter4\framework\system\Model.php(243): CodeIgniter\Database\BaseBuilder->get()
#4 C:\xampp1\htdocs\yesminegharbi\vendor\codeigniter4\framework\system\BaseModel.php(641): CodeIgniter\Model->doFindAll(3, 0)
#5 C:\xampp1\htdocs\yesminegharbi\app\Models\FormationModel.php(23): CodeIgniter\BaseModel->findAll(3)
#6 C:\xampp1\htdocs\yesminegharbi\app\Controllers\Home.php(20): App\Models\FormationModel->getAll(3)
#7 C:\xampp1\htdocs\yesminegharbi\vendor\codeigniter4\framework\system\CodeIgniter.php(943): App\Controllers\Home->index()
#8 C:\xampp1\htdocs\yesminegharbi\vendor\codeigniter4\framework\system\CodeIgniter.php(503): CodeIgniter\CodeIgniter->runController(Object(App\Controllers\Home))
#9 C:\xampp1\htdocs\yesminegharbi\vendor\codeigniter4\framework\system\CodeIgniter.php(361): CodeIgniter\CodeIgniter->handleRequest(NULL, Object(Config\Cache), false)
#10 C:\xampp1\htdocs\yesminegharbi\public\index.php(44): CodeIgniter\CodeIgniter->run()
#11 {main}
CRITICAL - 2026-07-05 18:48:11 --> CodeIgniter\Database\Exceptions\DatabaseException: Unable to connect to the database.
Main connection [MySQLi]: Access denied for user '****'@'localhost' (using password: YES)
in SYSTEMPATH\Database\BaseConnection.php on line 428.
 1 SYSTEMPATH\Database\BaseConnection.php(575): CodeIgniter\Database\BaseConnection->initialize()
 2 SYSTEMPATH\Database\BaseBuilder.php(1616): CodeIgniter\Database\BaseConnection->query('SELECT *
FROM `formations`
ORDER BY `sort_order` ASC, `created_at` DESC
 LIMIT 3', [], false)
 3 SYSTEMPATH\Model.php(243): CodeIgniter\Database\BaseBuilder->get()
 4 SYSTEMPATH\BaseModel.php(641): CodeIgniter\Model->doFindAll(3, 0)
 5 APPPATH\Models\FormationModel.php(23): CodeIgniter\BaseModel->findAll(3)
 6 APPPATH\Controllers\Home.php(20): App\Models\FormationModel->getAll(3)
 7 SYSTEMPATH\CodeIgniter.php(943): App\Controllers\Home->index()
 8 SYSTEMPATH\CodeIgniter.php(503): CodeIgniter\CodeIgniter->runController(Object(App\Controllers\Home))
 9 SYSTEMPATH\CodeIgniter.php(361): CodeIgniter\CodeIgniter->handleRequest(null, Object(Config\Cache), false)
10 FCPATH\index.php(44): CodeIgniter\CodeIgniter->run()
INFO - 2026-07-05 18:48:45 --> Session: Class initialized using 'CodeIgniter\Session\Handlers\FileHandler' driver.
ERROR - 2026-07-05 18:48:45 --> Error connecting to the database: mysqli_sql_exception: Access denied for user 'root'@'localhost' (using password: YES) in C:\xampp1\htdocs\yesminegharbi\vendor\codeigniter4\framework\system\Database\MySQLi\Connection.php:184
Stack trace:
#0 C:\xampp1\htdocs\yesminegharbi\vendor\codeigniter4\framework\system\Database\MySQLi\Connection.php(184): mysqli->real_connect('127.0.0.1', 'root', Object(SensitiveParameterValue), 'YGBD', 3307, '', 0)
#1 C:\xampp1\htdocs\yesminegharbi\vendor\codeigniter4\framework\system\Database\BaseConnection.php(392): CodeIgniter\Database\MySQLi\Connection->connect(false)
#2 C:\xampp1\htdocs\yesminegharbi\vendor\codeigniter4\framework\system\Database\BaseConnection.php(575): CodeIgniter\Database\BaseConnection->initialize()
#3 C:\xampp1\htdocs\yesminegharbi\vendor\codeigniter4\framework\system\Database\BaseBuilder.php(1616): CodeIgniter\Database\BaseConnection->query('SELECT *\nFROM `...', Array, false)
#4 C:\xampp1\htdocs\yesminegharbi\vendor\codeigniter4\framework\system\Model.php(243): CodeIgniter\Database\BaseBuilder->get()
#5 C:\xampp1\htdocs\yesminegharbi\vendor\codeigniter4\framework\system\BaseModel.php(641): CodeIgniter\Model->doFindAll(3, 0)
#6 C:\xampp1\htdocs\yesminegharbi\app\Models\FormationModel.php(23): CodeIgniter\BaseModel->findAll(3)
#7 C:\xampp1\htdocs\yesminegharbi\app\Controllers\Home.php(20): App\Models\FormationModel->getAll(3)
#8 C:\xampp1\htdocs\yesminegharbi\vendor\codeigniter4\framework\system\CodeIgniter.php(943): App\Controllers\Home->index()
#9 C:\xampp1\htdocs\yesminegharbi\vendor\codeigniter4\framework\system\CodeIgniter.php(503): CodeIgniter\CodeIgniter->runController(Object(App\Controllers\Home))
#10 C:\xampp1\htdocs\yesminegharbi\vendor\codeigniter4\framework\system\CodeIgniter.php(361): CodeIgniter\CodeIgniter->handleRequest(NULL, Object(Config\Cache), false)
#11 C:\xampp1\htdocs\yesminegharbi\public\index.php(44): CodeIgniter\CodeIgniter->run()
#12 {main}

Next CodeIgniter\Database\Exceptions\DatabaseException: Access denied for user '****'@'localhost' (using password: YES) in C:\xampp1\htdocs\yesminegharbi\vendor\codeigniter4\framework\system\Database\MySQLi\Connection.php:229
Stack trace:
#0 C:\xampp1\htdocs\yesminegharbi\vendor\codeigniter4\framework\system\Database\BaseConnection.php(392): CodeIgniter\Database\MySQLi\Connection->connect(false)
#1 C:\xampp1\htdocs\yesminegharbi\vendor\codeigniter4\framework\system\Database\BaseConnection.php(575): CodeIgniter\Database\BaseConnection->initialize()
#2 C:\xampp1\htdocs\yesminegharbi\vendor\codeigniter4\framework\system\Database\BaseBuilder.php(1616): CodeIgniter\Database\BaseConnection->query('SELECT *\nFROM `...', Array, false)
#3 C:\xampp1\htdocs\yesminegharbi\vendor\codeigniter4\framework\system\Model.php(243): CodeIgniter\Database\BaseBuilder->get()
#4 C:\xampp1\htdocs\yesminegharbi\vendor\codeigniter4\framework\system\BaseModel.php(641): CodeIgniter\Model->doFindAll(3, 0)
#5 C:\xampp1\htdocs\yesminegharbi\app\Models\FormationModel.php(23): CodeIgniter\BaseModel->findAll(3)
#6 C:\xampp1\htdocs\yesminegharbi\app\Controllers\Home.php(20): App\Models\FormationModel->getAll(3)
#7 C:\xampp1\htdocs\yesminegharbi\vendor\codeigniter4\framework\system\CodeIgniter.php(943): App\Controllers\Home->index()
#8 C:\xampp1\htdocs\yesminegharbi\vendor\codeigniter4\framework\system\CodeIgniter.php(503): CodeIgniter\CodeIgniter->runController(Object(App\Controllers\Home))
#9 C:\xampp1\htdocs\yesminegharbi\vendor\codeigniter4\framework\system\CodeIgniter.php(361): CodeIgniter\CodeIgniter->handleRequest(NULL, Object(Config\Cache), false)
#10 C:\xampp1\htdocs\yesminegharbi\public\index.php(44): CodeIgniter\CodeIgniter->run()
#11 {main}
CRITICAL - 2026-07-05 18:48:45 --> CodeIgniter\Database\Exceptions\DatabaseException: Unable to connect to the database.
Main connection [MySQLi]: Access denied for user '****'@'localhost' (using password: YES)
in SYSTEMPATH\Database\BaseConnection.php on line 428.
 1 SYSTEMPATH\Database\BaseConnection.php(575): CodeIgniter\Database\BaseConnection->initialize()
 2 SYSTEMPATH\Database\BaseBuilder.php(1616): CodeIgniter\Database\BaseConnection->query('SELECT *
FROM `formations`
ORDER BY `sort_order` ASC, `created_at` DESC
 LIMIT 3', [], false)
 3 SYSTEMPATH\Model.php(243): CodeIgniter\Database\BaseBuilder->get()
 4 SYSTEMPATH\BaseModel.php(641): CodeIgniter\Model->doFindAll(3, 0)
 5 APPPATH\Models\FormationModel.php(23): CodeIgniter\BaseModel->findAll(3)
 6 APPPATH\Controllers\Home.php(20): App\Models\FormationModel->getAll(3)
 7 SYSTEMPATH\CodeIgniter.php(943): App\Controllers\Home->index()
 8 SYSTEMPATH\CodeIgniter.php(503): CodeIgniter\CodeIgniter->runController(Object(App\Controllers\Home))
 9 SYSTEMPATH\CodeIgniter.php(361): CodeIgniter\CodeIgniter->handleRequest(null, Object(Config\Cache), false)
10 FCPATH\index.php(44): CodeIgniter\CodeIgniter->run()
INFO - 2026-07-05 18:50:35 --> Session: Class initialized using 'CodeIgniter\Session\Handlers\FileHandler' driver.
ERROR - 2026-07-05 18:50:35 --> Error connecting to the database: mysqli_sql_exception: Access denied for user 'root'@'localhost' (using password: YES) in C:\xampp1\htdocs\yesminegharbi\vendor\codeigniter4\framework\system\Database\MySQLi\Connection.php:184
Stack trace:
#0 C:\xampp1\htdocs\yesminegharbi\vendor\codeigniter4\framework\system\Database\MySQLi\Connection.php(184): mysqli->real_connect('127.0.0.1', 'root', Object(SensitiveParameterValue), 'YGBD', 3307, '', 0)
#1 C:\xampp1\htdocs\yesminegharbi\vendor\codeigniter4\framework\system\Database\BaseConnection.php(392): CodeIgniter\Database\MySQLi\Connection->connect(false)
#2 C:\xampp1\htdocs\yesminegharbi\vendor\codeigniter4\framework\system\Database\BaseConnection.php(575): CodeIgniter\Database\BaseConnection->initialize()
#3 C:\xampp1\htdocs\yesminegharbi\vendor\codeigniter4\framework\system\Database\BaseBuilder.php(1616): CodeIgniter\Database\BaseConnection->query('SELECT *\nFROM `...', Array, false)
#4 C:\xampp1\htdocs\yesminegharbi\vendor\codeigniter4\framework\system\Model.php(243): CodeIgniter\Database\BaseBuilder->get()
#5 C:\xampp1\htdocs\yesminegharbi\vendor\codeigniter4\framework\system\BaseModel.php(641): CodeIgniter\Model->doFindAll(3, 0)
#6 C:\xampp1\htdocs\yesminegharbi\app\Models\FormationModel.php(23): CodeIgniter\BaseModel->findAll(3)
#7 C:\xampp1\htdocs\yesminegharbi\app\Controllers\Home.php(20): App\Models\FormationModel->getAll(3)
#8 C:\xampp1\htdocs\yesminegharbi\vendor\codeigniter4\framework\system\CodeIgniter.php(943): App\Controllers\Home->index()
#9 C:\xampp1\htdocs\yesminegharbi\vendor\codeigniter4\framework\system\CodeIgniter.php(503): CodeIgniter\CodeIgniter->runController(Object(App\Controllers\Home))
#10 C:\xampp1\htdocs\yesminegharbi\vendor\codeigniter4\framework\system\CodeIgniter.php(361): CodeIgniter\CodeIgniter->handleRequest(NULL, Object(Config\Cache), false)
#11 C:\xampp1\htdocs\yesminegharbi\public\index.php(44): CodeIgniter\CodeIgniter->run()
#12 {main}

Next CodeIgniter\Database\Exceptions\DatabaseException: Access denied for user '****'@'localhost' (using password: YES) in C:\xampp1\htdocs\yesminegharbi\vendor\codeigniter4\framework\system\Database\MySQLi\Connection.php:229
Stack trace:
#0 C:\xampp1\htdocs\yesminegharbi\vendor\codeigniter4\framework\system\Database\BaseConnection.php(392): CodeIgniter\Database\MySQLi\Connection->connect(false)
#1 C:\xampp1\htdocs\yesminegharbi\vendor\codeigniter4\framework\system\Database\BaseConnection.php(575): CodeIgniter\Database\BaseConnection->initialize()
#2 C:\xampp1\htdocs\yesminegharbi\vendor\codeigniter4\framework\system\Database\BaseBuilder.php(1616): CodeIgniter\Database\BaseConnection->query('SELECT *\nFROM `...', Array, false)
#3 C:\xampp1\htdocs\yesminegharbi\vendor\codeigniter4\framework\system\Model.php(243): CodeIgniter\Database\BaseBuilder->get()
#4 C:\xampp1\htdocs\yesminegharbi\vendor\codeigniter4\framework\system\BaseModel.php(641): CodeIgniter\Model->doFindAll(3, 0)
#5 C:\xampp1\htdocs\yesminegharbi\app\Models\FormationModel.php(23): CodeIgniter\BaseModel->findAll(3)
#6 C:\xampp1\htdocs\yesminegharbi\app\Controllers\Home.php(20): App\Models\FormationModel->getAll(3)
#7 C:\xampp1\htdocs\yesminegharbi\vendor\codeigniter4\framework\system\CodeIgniter.php(943): App\Controllers\Home->index()
#8 C:\xampp1\htdocs\yesminegharbi\vendor\codeigniter4\framework\system\CodeIgniter.php(503): CodeIgniter\CodeIgniter->runController(Object(App\Controllers\Home))
#9 C:\xampp1\htdocs\yesminegharbi\vendor\codeigniter4\framework\system\CodeIgniter.php(361): CodeIgniter\CodeIgniter->handleRequest(NULL, Object(Config\Cache), false)
#10 C:\xampp1\htdocs\yesminegharbi\public\index.php(44): CodeIgniter\CodeIgniter->run()
#11 {main}
CRITICAL - 2026-07-05 18:50:35 --> CodeIgniter\Database\Exceptions\DatabaseException: Unable to connect to the database.
Main connection [MySQLi]: Access denied for user '****'@'localhost' (using password: YES)
in SYSTEMPATH\Database\BaseConnection.php on line 428.
 1 SYSTEMPATH\Database\BaseConnection.php(575): CodeIgniter\Database\BaseConnection->initialize()
 2 SYSTEMPATH\Database\BaseBuilder.php(1616): CodeIgniter\Database\BaseConnection->query('SELECT *
FROM `formations`
ORDER BY `sort_order` ASC, `created_at` DESC
 LIMIT 3', [], false)
 3 SYSTEMPATH\Model.php(243): CodeIgniter\Database\BaseBuilder->get()
 4 SYSTEMPATH\BaseModel.php(641): CodeIgniter\Model->doFindAll(3, 0)
 5 APPPATH\Models\FormationModel.php(23): CodeIgniter\BaseModel->findAll(3)
 6 APPPATH\Controllers\Home.php(20): App\Models\FormationModel->getAll(3)
 7 SYSTEMPATH\CodeIgniter.php(943): App\Controllers\Home->index()
 8 SYSTEMPATH\CodeIgniter.php(503): CodeIgniter\CodeIgniter->runController(Object(App\Controllers\Home))
 9 SYSTEMPATH\CodeIgniter.php(361): CodeIgniter\CodeIgniter->handleRequest(null, Object(Config\Cache), false)
10 FCPATH\index.php(44): CodeIgniter\CodeIgniter->run()
INFO - 2026-07-05 18:50:37 --> Session: Class initialized using 'CodeIgniter\Session\Handlers\FileHandler' driver.
ERROR - 2026-07-05 18:50:37 --> Error connecting to the database: mysqli_sql_exception: Access denied for user 'root'@'localhost' (using password: YES) in C:\xampp1\htdocs\yesminegharbi\vendor\codeigniter4\framework\system\Database\MySQLi\Connection.php:184
Stack trace:
#0 C:\xampp1\htdocs\yesminegharbi\vendor\codeigniter4\framework\system\Database\MySQLi\Connection.php(184): mysqli->real_connect('127.0.0.1', 'root', Object(SensitiveParameterValue), 'YGBD', 3307, '', 0)
#1 C:\xampp1\htdocs\yesminegharbi\vendor\codeigniter4\framework\system\Database\BaseConnection.php(392): CodeIgniter\Database\MySQLi\Connection->connect(false)
#2 C:\xampp1\htdocs\yesminegharbi\vendor\codeigniter4\framework\system\Database\BaseConnection.php(575): CodeIgniter\Database\BaseConnection->initialize()
#3 C:\xampp1\htdocs\yesminegharbi\vendor\codeigniter4\framework\system\Database\BaseBuilder.php(1616): CodeIgniter\Database\BaseConnection->query('SELECT *\nFROM `...', Array, false)
#4 C:\xampp1\htdocs\yesminegharbi\vendor\codeigniter4\framework\system\Model.php(243): CodeIgniter\Database\BaseBuilder->get()
#5 C:\xampp1\htdocs\yesminegharbi\vendor\codeigniter4\framework\system\BaseModel.php(641): CodeIgniter\Model->doFindAll(3, 0)
#6 C:\xampp1\htdocs\yesminegharbi\app\Models\FormationModel.php(23): CodeIgniter\BaseModel->findAll(3)
#7 C:\xampp1\htdocs\yesminegharbi\app\Controllers\Home.php(20): App\Models\FormationModel->getAll(3)
#8 C:\xampp1\htdocs\yesminegharbi\vendor\codeigniter4\framework\system\CodeIgniter.php(943): App\Controllers\Home->index()
#9 C:\xampp1\htdocs\yesminegharbi\vendor\codeigniter4\framework\system\CodeIgniter.php(503): CodeIgniter\CodeIgniter->runController(Object(App\Controllers\Home))
#10 C:\xampp1\htdocs\yesminegharbi\vendor\codeigniter4\framework\system\CodeIgniter.php(361): CodeIgniter\CodeIgniter->handleRequest(NULL, Object(Config\Cache), false)
#11 C:\xampp1\htdocs\yesminegharbi\public\index.php(44): CodeIgniter\CodeIgniter->run()
#12 {main}

Next CodeIgniter\Database\Exceptions\DatabaseException: Access denied for user '****'@'localhost' (using password: YES) in C:\xampp1\htdocs\yesminegharbi\vendor\codeigniter4\framework\system\Database\MySQLi\Connection.php:229
Stack trace:
#0 C:\xampp1\htdocs\yesminegharbi\vendor\codeigniter4\framework\system\Database\BaseConnection.php(392): CodeIgniter\Database\MySQLi\Connection->connect(false)
#1 C:\xampp1\htdocs\yesminegharbi\vendor\codeigniter4\framework\system\Database\BaseConnection.php(575): CodeIgniter\Database\BaseConnection->initialize()
#2 C:\xampp1\htdocs\yesminegharbi\vendor\codeigniter4\framework\system\Database\BaseBuilder.php(1616): CodeIgniter\Database\BaseConnection->query('SELECT *\nFROM `...', Array, false)
#3 C:\xampp1\htdocs\yesminegharbi\vendor\codeigniter4\framework\system\Model.php(243): CodeIgniter\Database\BaseBuilder->get()
#4 C:\xampp1\htdocs\yesminegharbi\vendor\codeigniter4\framework\system\BaseModel.php(641): CodeIgniter\Model->doFindAll(3, 0)
#5 C:\xampp1\htdocs\yesminegharbi\app\Models\FormationModel.php(23): CodeIgniter\BaseModel->findAll(3)
#6 C:\xampp1\htdocs\yesminegharbi\app\Controllers\Home.php(20): App\Models\FormationModel->getAll(3)
#7 C:\xampp1\htdocs\yesminegharbi\vendor\codeigniter4\framework\system\CodeIgniter.php(943): App\Controllers\Home->index()
#8 C:\xampp1\htdocs\yesminegharbi\vendor\codeigniter4\framework\system\CodeIgniter.php(503): CodeIgniter\CodeIgniter->runController(Object(App\Controllers\Home))
#9 C:\xampp1\htdocs\yesminegharbi\vendor\codeigniter4\framework\system\CodeIgniter.php(361): CodeIgniter\CodeIgniter->handleRequest(NULL, Object(Config\Cache), false)
#10 C:\xampp1\htdocs\yesminegharbi\public\index.php(44): CodeIgniter\CodeIgniter->run()
#11 {main}
CRITICAL - 2026-07-05 18:50:37 --> CodeIgniter\Database\Exceptions\DatabaseException: Unable to connect to the database.
Main connection [MySQLi]: Access denied for user '****'@'localhost' (using password: YES)
in SYSTEMPATH\Database\BaseConnection.php on line 428.
 1 SYSTEMPATH\Database\BaseConnection.php(575): CodeIgniter\Database\BaseConnection->initialize()
 2 SYSTEMPATH\Database\BaseBuilder.php(1616): CodeIgniter\Database\BaseConnection->query('SELECT *
FROM `formations`
ORDER BY `sort_order` ASC, `created_at` DESC
 LIMIT 3', [], false)
 3 SYSTEMPATH\Model.php(243): CodeIgniter\Database\BaseBuilder->get()
 4 SYSTEMPATH\BaseModel.php(641): CodeIgniter\Model->doFindAll(3, 0)
 5 APPPATH\Models\FormationModel.php(23): CodeIgniter\BaseModel->findAll(3)
 6 APPPATH\Controllers\Home.php(20): App\Models\FormationModel->getAll(3)
 7 SYSTEMPATH\CodeIgniter.php(943): App\Controllers\Home->index()
 8 SYSTEMPATH\CodeIgniter.php(503): CodeIgniter\CodeIgniter->runController(Object(App\Controllers\Home))
 9 SYSTEMPATH\CodeIgniter.php(361): CodeIgniter\CodeIgniter->handleRequest(null, Object(Config\Cache), false)
10 FCPATH\index.php(44): CodeIgniter\CodeIgniter->run()
INFO - 2026-07-05 18:53:25 --> Session: Class initialized using 'CodeIgniter\Session\Handlers\FileHandler' driver.
ERROR - 2026-07-05 18:53:25 --> Error connecting to the database: mysqli_sql_exception: Access denied for user 'root'@'localhost' (using password: YES) in C:\xampp1\htdocs\yesminegharbi\vendor\codeigniter4\framework\system\Database\MySQLi\Connection.php:184
Stack trace:
#0 C:\xampp1\htdocs\yesminegharbi\vendor\codeigniter4\framework\system\Database\MySQLi\Connection.php(184): mysqli->real_connect('127.0.0.1', 'root', Object(SensitiveParameterValue), 'YGBD', 3307, '', 0)
#1 C:\xampp1\htdocs\yesminegharbi\vendor\codeigniter4\framework\system\Database\BaseConnection.php(392): CodeIgniter\Database\MySQLi\Connection->connect(false)
#2 C:\xampp1\htdocs\yesminegharbi\vendor\codeigniter4\framework\system\Database\BaseConnection.php(575): CodeIgniter\Database\BaseConnection->initialize()
#3 C:\xampp1\htdocs\yesminegharbi\vendor\codeigniter4\framework\system\Database\BaseBuilder.php(1616): CodeIgniter\Database\BaseConnection->query('SELECT *\nFROM `...', Array, false)
#4 C:\xampp1\htdocs\yesminegharbi\vendor\codeigniter4\framework\system\Model.php(243): CodeIgniter\Database\BaseBuilder->get()
#5 C:\xampp1\htdocs\yesminegharbi\vendor\codeigniter4\framework\system\BaseModel.php(641): CodeIgniter\Model->doFindAll(3, 0)
#6 C:\xampp1\htdocs\yesminegharbi\app\Models\FormationModel.php(23): CodeIgniter\BaseModel->findAll(3)
#7 C:\xampp1\htdocs\yesminegharbi\app\Controllers\Home.php(20): App\Models\FormationModel->getAll(3)
#8 C:\xampp1\htdocs\yesminegharbi\vendor\codeigniter4\framework\system\CodeIgniter.php(943): App\Controllers\Home->index()
#9 C:\xampp1\htdocs\yesminegharbi\vendor\codeigniter4\framework\system\CodeIgniter.php(503): CodeIgniter\CodeIgniter->runController(Object(App\Controllers\Home))
#10 C:\xampp1\htdocs\yesminegharbi\vendor\codeigniter4\framework\system\CodeIgniter.php(361): CodeIgniter\CodeIgniter->handleRequest(NULL, Object(Config\Cache), false)
#11 C:\xampp1\htdocs\yesminegharbi\public\index.php(44): CodeIgniter\CodeIgniter->run()
#12 {main}

Next CodeIgniter\Database\Exceptions\DatabaseException: Access denied for user '****'@'localhost' (using password: YES) in C:\xampp1\htdocs\yesminegharbi\vendor\codeigniter4\framework\system\Database\MySQLi\Connection.php:229
Stack trace:
#0 C:\xampp1\htdocs\yesminegharbi\vendor\codeigniter4\framework\system\Database\BaseConnection.php(392): CodeIgniter\Database\MySQLi\Connection->connect(false)
#1 C:\xampp1\htdocs\yesminegharbi\vendor\codeigniter4\framework\system\Database\BaseConnection.php(575): CodeIgniter\Database\BaseConnection->initialize()
#2 C:\xampp1\htdocs\yesminegharbi\vendor\codeigniter4\framework\system\Database\BaseBuilder.php(1616): CodeIgniter\Database\BaseConnection->query('SELECT *\nFROM `...', Array, false)
#3 C:\xampp1\htdocs\yesminegharbi\vendor\codeigniter4\framework\system\Model.php(243): CodeIgniter\Database\BaseBuilder->get()
#4 C:\xampp1\htdocs\yesminegharbi\vendor\codeigniter4\framework\system\BaseModel.php(641): CodeIgniter\Model->doFindAll(3, 0)
#5 C:\xampp1\htdocs\yesminegharbi\app\Models\FormationModel.php(23): CodeIgniter\BaseModel->findAll(3)
#6 C:\xampp1\htdocs\yesminegharbi\app\Controllers\Home.php(20): App\Models\FormationModel->getAll(3)
#7 C:\xampp1\htdocs\yesminegharbi\vendor\codeigniter4\framework\system\CodeIgniter.php(943): App\Controllers\Home->index()
#8 C:\xampp1\htdocs\yesminegharbi\vendor\codeigniter4\framework\system\CodeIgniter.php(503): CodeIgniter\CodeIgniter->runController(Object(App\Controllers\Home))
#9 C:\xampp1\htdocs\yesminegharbi\vendor\codeigniter4\framework\system\CodeIgniter.php(361): CodeIgniter\CodeIgniter->handleRequest(NULL, Object(Config\Cache), false)
#10 C:\xampp1\htdocs\yesminegharbi\public\index.php(44): CodeIgniter\CodeIgniter->run()
#11 {main}
CRITICAL - 2026-07-05 18:53:25 --> CodeIgniter\Database\Exceptions\DatabaseException: Unable to connect to the database.
Main connection [MySQLi]: Access denied for user '****'@'localhost' (using password: YES)
in SYSTEMPATH\Database\BaseConnection.php on line 428.
 1 SYSTEMPATH\Database\BaseConnection.php(575): CodeIgniter\Database\BaseConnection->initialize()
 2 SYSTEMPATH\Database\BaseBuilder.php(1616): CodeIgniter\Database\BaseConnection->query('SELECT *
FROM `formations`
ORDER BY `sort_order` ASC, `created_at` DESC
 LIMIT 3', [], false)
 3 SYSTEMPATH\Model.php(243): CodeIgniter\Database\BaseBuilder->get()
 4 SYSTEMPATH\BaseModel.php(641): CodeIgniter\Model->doFindAll(3, 0)
 5 APPPATH\Models\FormationModel.php(23): CodeIgniter\BaseModel->findAll(3)
 6 APPPATH\Controllers\Home.php(20): App\Models\FormationModel->getAll(3)
 7 SYSTEMPATH\CodeIgniter.php(943): App\Controllers\Home->index()
 8 SYSTEMPATH\CodeIgniter.php(503): CodeIgniter\CodeIgniter->runController(Object(App\Controllers\Home))
 9 SYSTEMPATH\CodeIgniter.php(361): CodeIgniter\CodeIgniter->handleRequest(null, Object(Config\Cache), false)
10 FCPATH\index.php(44): CodeIgniter\CodeIgniter->run()
INFO - 2026-07-05 18:53:41 --> Session: Class initialized using 'CodeIgniter\Session\Handlers\FileHandler' driver.
ERROR - 2026-07-05 18:53:41 --> Error connecting to the database: mysqli_sql_exception: Access denied for user 'root'@'localhost' (using password: YES) in C:\xampp1\htdocs\yesminegharbi\vendor\codeigniter4\framework\system\Database\MySQLi\Connection.php:184
Stack trace:
#0 C:\xampp1\htdocs\yesminegharbi\vendor\codeigniter4\framework\system\Database\MySQLi\Connection.php(184): mysqli->real_connect('127.0.0.1', 'root', Object(SensitiveParameterValue), 'YGBD', 3307, '', 0)
#1 C:\xampp1\htdocs\yesminegharbi\vendor\codeigniter4\framework\system\Database\BaseConnection.php(392): CodeIgniter\Database\MySQLi\Connection->connect(false)
#2 C:\xampp1\htdocs\yesminegharbi\vendor\codeigniter4\framework\system\Database\BaseConnection.php(575): CodeIgniter\Database\BaseConnection->initialize()
#3 C:\xampp1\htdocs\yesminegharbi\vendor\codeigniter4\framework\system\Database\BaseBuilder.php(1616): CodeIgniter\Database\BaseConnection->query('SELECT *\nFROM `...', Array, false)
#4 C:\xampp1\htdocs\yesminegharbi\vendor\codeigniter4\framework\system\Model.php(243): CodeIgniter\Database\BaseBuilder->get()
#5 C:\xampp1\htdocs\yesminegharbi\vendor\codeigniter4\framework\system\BaseModel.php(641): CodeIgniter\Model->doFindAll(3, 0)
#6 C:\xampp1\htdocs\yesminegharbi\app\Models\FormationModel.php(23): CodeIgniter\BaseModel->findAll(3)
#7 C:\xampp1\htdocs\yesminegharbi\app\Controllers\Home.php(20): App\Models\FormationModel->getAll(3)
#8 C:\xampp1\htdocs\yesminegharbi\vendor\codeigniter4\framework\system\CodeIgniter.php(943): App\Controllers\Home->index()
#9 C:\xampp1\htdocs\yesminegharbi\vendor\codeigniter4\framework\system\CodeIgniter.php(503): CodeIgniter\CodeIgniter->runController(Object(App\Controllers\Home))
#10 C:\xampp1\htdocs\yesminegharbi\vendor\codeigniter4\framework\system\CodeIgniter.php(361): CodeIgniter\CodeIgniter->handleRequest(NULL, Object(Config\Cache), false)
#11 C:\xampp1\htdocs\yesminegharbi\public\index.php(44): CodeIgniter\CodeIgniter->run()
#12 {main}

Next CodeIgniter\Database\Exceptions\DatabaseException: Access denied for user '****'@'localhost' (using password: YES) in C:\xampp1\htdocs\yesminegharbi\vendor\codeigniter4\framework\system\Database\MySQLi\Connection.php:229
Stack trace:
#0 C:\xampp1\htdocs\yesminegharbi\vendor\codeigniter4\framework\system\Database\BaseConnection.php(392): CodeIgniter\Database\MySQLi\Connection->connect(false)
#1 C:\xampp1\htdocs\yesminegharbi\vendor\codeigniter4\framework\system\Database\BaseConnection.php(575): CodeIgniter\Database\BaseConnection->initialize()
#2 C:\xampp1\htdocs\yesminegharbi\vendor\codeigniter4\framework\system\Database\BaseBuilder.php(1616): CodeIgniter\Database\BaseConnection->query('SELECT *\nFROM `...', Array, false)
#3 C:\xampp1\htdocs\yesminegharbi\vendor\codeigniter4\framework\system\Model.php(243): CodeIgniter\Database\BaseBuilder->get()
#4 C:\xampp1\htdocs\yesminegharbi\vendor\codeigniter4\framework\system\BaseModel.php(641): CodeIgniter\Model->doFindAll(3, 0)
#5 C:\xampp1\htdocs\yesminegharbi\app\Models\FormationModel.php(23): CodeIgniter\BaseModel->findAll(3)
#6 C:\xampp1\htdocs\yesminegharbi\app\Controllers\Home.php(20): App\Models\FormationModel->getAll(3)
#7 C:\xampp1\htdocs\yesminegharbi\vendor\codeigniter4\framework\system\CodeIgniter.php(943): App\Controllers\Home->index()
#8 C:\xampp1\htdocs\yesminegharbi\vendor\codeigniter4\framework\system\CodeIgniter.php(503): CodeIgniter\CodeIgniter->runController(Object(App\Controllers\Home))
#9 C:\xampp1\htdocs\yesminegharbi\vendor\codeigniter4\framework\system\CodeIgniter.php(361): CodeIgniter\CodeIgniter->handleRequest(NULL, Object(Config\Cache), false)
#10 C:\xampp1\htdocs\yesminegharbi\public\index.php(44): CodeIgniter\CodeIgniter->run()
#11 {main}
CRITICAL - 2026-07-05 18:53:41 --> CodeIgniter\Database\Exceptions\DatabaseException: Unable to connect to the database.
Main connection [MySQLi]: Access denied for user '****'@'localhost' (using password: YES)
in SYSTEMPATH\Database\BaseConnection.php on line 428.
 1 SYSTEMPATH\Database\BaseConnection.php(575): CodeIgniter\Database\BaseConnection->initialize()
 2 SYSTEMPATH\Database\BaseBuilder.php(1616): CodeIgniter\Database\BaseConnection->query('SELECT *
FROM `formations`
ORDER BY `sort_order` ASC, `created_at` DESC
 LIMIT 3', [], false)
 3 SYSTEMPATH\Model.php(243): CodeIgniter\Database\BaseBuilder->get()
 4 SYSTEMPATH\BaseModel.php(641): CodeIgniter\Model->doFindAll(3, 0)
 5 APPPATH\Models\FormationModel.php(23): CodeIgniter\BaseModel->findAll(3)
 6 APPPATH\Controllers\Home.php(20): App\Models\FormationModel->getAll(3)
 7 SYSTEMPATH\CodeIgniter.php(943): App\Controllers\Home->index()
 8 SYSTEMPATH\CodeIgniter.php(503): CodeIgniter\CodeIgniter->runController(Object(App\Controllers\Home))
 9 SYSTEMPATH\CodeIgniter.php(361): CodeIgniter\CodeIgniter->handleRequest(null, Object(Config\Cache), false)
10 FCPATH\index.php(44): CodeIgniter\CodeIgniter->run()
INFO - 2026-07-05 18:57:38 --> Session: Class initialized using 'CodeIgniter\Session\Handlers\FileHandler' driver.
ERROR - 2026-07-05 18:57:38 --> Error connecting to the database: mysqli_sql_exception: Access denied for user 'root'@'localhost' (using password: YES) in C:\xampp1\htdocs\yesminegharbi\vendor\codeigniter4\framework\system\Database\MySQLi\Connection.php:184
Stack trace:
#0 C:\xampp1\htdocs\yesminegharbi\vendor\codeigniter4\framework\system\Database\MySQLi\Connection.php(184): mysqli->real_connect('127.0.0.1', 'root', Object(SensitiveParameterValue), 'YGBD', 3307, '', 0)
#1 C:\xampp1\htdocs\yesminegharbi\vendor\codeigniter4\framework\system\Database\BaseConnection.php(392): CodeIgniter\Database\MySQLi\Connection->connect(false)
#2 C:\xampp1\htdocs\yesminegharbi\vendor\codeigniter4\framework\system\Database\BaseConnection.php(575): CodeIgniter\Database\BaseConnection->initialize()
#3 C:\xampp1\htdocs\yesminegharbi\vendor\codeigniter4\framework\system\Database\BaseBuilder.php(1616): CodeIgniter\Database\BaseConnection->query('SELECT *\nFROM `...', Array, false)
#4 C:\xampp1\htdocs\yesminegharbi\vendor\codeigniter4\framework\system\Model.php(243): CodeIgniter\Database\BaseBuilder->get()
#5 C:\xampp1\htdocs\yesminegharbi\vendor\codeigniter4\framework\system\BaseModel.php(641): CodeIgniter\Model->doFindAll(3, 0)
#6 C:\xampp1\htdocs\yesminegharbi\app\Models\FormationModel.php(23): CodeIgniter\BaseModel->findAll(3)
#7 C:\xampp1\htdocs\yesminegharbi\app\Controllers\Home.php(20): App\Models\FormationModel->getAll(3)
#8 C:\xampp1\htdocs\yesminegharbi\vendor\codeigniter4\framework\system\CodeIgniter.php(943): App\Controllers\Home->index()
#9 C:\xampp1\htdocs\yesminegharbi\vendor\codeigniter4\framework\system\CodeIgniter.php(503): CodeIgniter\CodeIgniter->runController(Object(App\Controllers\Home))
#10 C:\xampp1\htdocs\yesminegharbi\vendor\codeigniter4\framework\system\CodeIgniter.php(361): CodeIgniter\CodeIgniter->handleRequest(NULL, Object(Config\Cache), false)
#11 C:\xampp1\htdocs\yesminegharbi\public\index.php(44): CodeIgniter\CodeIgniter->run()
#12 {main}

Next CodeIgniter\Database\Exceptions\DatabaseException: Access denied for user '****'@'localhost' (using password: YES) in C:\xampp1\htdocs\yesminegharbi\vendor\codeigniter4\framework\system\Database\MySQLi\Connection.php:229
Stack trace:
#0 C:\xampp1\htdocs\yesminegharbi\vendor\codeigniter4\framework\system\Database\BaseConnection.php(392): CodeIgniter\Database\MySQLi\Connection->connect(false)
#1 C:\xampp1\htdocs\yesminegharbi\vendor\codeigniter4\framework\system\Database\BaseConnection.php(575): CodeIgniter\Database\BaseConnection->initialize()
#2 C:\xampp1\htdocs\yesminegharbi\vendor\codeigniter4\framework\system\Database\BaseBuilder.php(1616): CodeIgniter\Database\BaseConnection->query('SELECT *\nFROM `...', Array, false)
#3 C:\xampp1\htdocs\yesminegharbi\vendor\codeigniter4\framework\system\Model.php(243): CodeIgniter\Database\BaseBuilder->get()
#4 C:\xampp1\htdocs\yesminegharbi\vendor\codeigniter4\framework\system\BaseModel.php(641): CodeIgniter\Model->doFindAll(3, 0)
#5 C:\xampp1\htdocs\yesminegharbi\app\Models\FormationModel.php(23): CodeIgniter\BaseModel->findAll(3)
#6 C:\xampp1\htdocs\yesminegharbi\app\Controllers\Home.php(20): App\Models\FormationModel->getAll(3)
#7 C:\xampp1\htdocs\yesminegharbi\vendor\codeigniter4\framework\system\CodeIgniter.php(943): App\Controllers\Home->index()
#8 C:\xampp1\htdocs\yesminegharbi\vendor\codeigniter4\framework\system\CodeIgniter.php(503): CodeIgniter\CodeIgniter->runController(Object(App\Controllers\Home))
#9 C:\xampp1\htdocs\yesminegharbi\vendor\codeigniter4\framework\system\CodeIgniter.php(361): CodeIgniter\CodeIgniter->handleRequest(NULL, Object(Config\Cache), false)
#10 C:\xampp1\htdocs\yesminegharbi\public\index.php(44): CodeIgniter\CodeIgniter->run()
#11 {main}
CRITICAL - 2026-07-05 18:57:38 --> CodeIgniter\Database\Exceptions\DatabaseException: Unable to connect to the database.
Main connection [MySQLi]: Access denied for user '****'@'localhost' (using password: YES)
in SYSTEMPATH\Database\BaseConnection.php on line 428.
 1 SYSTEMPATH\Database\BaseConnection.php(575): CodeIgniter\Database\BaseConnection->initialize()
 2 SYSTEMPATH\Database\BaseBuilder.php(1616): CodeIgniter\Database\BaseConnection->query('SELECT *
FROM `formations`
ORDER BY `sort_order` ASC, `created_at` DESC
 LIMIT 3', [], false)
 3 SYSTEMPATH\Model.php(243): CodeIgniter\Database\BaseBuilder->get()
 4 SYSTEMPATH\BaseModel.php(641): CodeIgniter\Model->doFindAll(3, 0)
 5 APPPATH\Models\FormationModel.php(23): CodeIgniter\BaseModel->findAll(3)
 6 APPPATH\Controllers\Home.php(20): App\Models\FormationModel->getAll(3)
 7 SYSTEMPATH\CodeIgniter.php(943): App\Controllers\Home->index()
 8 SYSTEMPATH\CodeIgniter.php(503): CodeIgniter\CodeIgniter->runController(Object(App\Controllers\Home))
 9 SYSTEMPATH\CodeIgniter.php(361): CodeIgniter\CodeIgniter->handleRequest(null, Object(Config\Cache), false)
10 FCPATH\index.php(44): CodeIgniter\CodeIgniter->run()
INFO - 2026-07-05 18:58:49 --> Session: Class initialized using 'CodeIgniter\Session\Handlers\FileHandler' driver.
INFO - 2026-07-05 18:59:07 --> Session: Class initialized using 'CodeIgniter\Session\Handlers\FileHandler' driver.
INFO - 2026-07-05 18:59:13 --> Session: Class initialized using 'CodeIgniter\Session\Handlers\FileHandler' driver.
INFO - 2026-07-05 18:59:13 --> Session: Class initialized using 'CodeIgniter\Session\Handlers\FileHandler' driver.
INFO - 2026-07-05 18:59:29 --> Session: Class initialized using 'CodeIgniter\Session\Handlers\FileHandler' driver.
INFO - 2026-07-05 18:59:29 --> Session: Class initialized using 'CodeIgniter\Session\Handlers\FileHandler' driver.
INFO - 2026-07-05 18:59:32 --> Session: Class initialized using 'CodeIgniter\Session\Handlers\FileHandler' driver.
INFO - 2026-07-05 18:59:34 --> Session: Class initialized using 'CodeIgniter\Session\Handlers\FileHandler' driver.
INFO - 2026-07-05 18:59:36 --> Session: Class initialized using 'CodeIgniter\Session\Handlers\FileHandler' driver.
INFO - 2026-07-05 18:59:36 --> Session: Class initialized using 'CodeIgniter\Session\Handlers\FileHandler' driver.
INFO - 2026-07-05 18:59:38 --> Session: Class initialized using 'CodeIgniter\Session\Handlers\FileHandler' driver.
INFO - 2026-07-05 18:59:41 --> Session: Class initialized using 'CodeIgniter\Session\Handlers\FileHandler' driver.
INFO - 2026-07-05 18:59:47 --> Session: Class initialized using 'CodeIgniter\Session\Handlers\FileHandler' driver.
INFO - 2026-07-05 19:00:50 --> Session: Class initialized using 'CodeIgniter\Session\Handlers\FileHandler' driver.
INFO - 2026-07-05 19:00:51 --> Session: Class initialized using 'CodeIgniter\Session\Handlers\FileHandler' driver.
INFO - 2026-07-05 19:00:53 --> Session: Class initialized using 'CodeIgniter\Session\Handlers\FileHandler' driver.
INFO - 2026-07-05 19:01:09 --> Session: Class initialized using 'CodeIgniter\Session\Handlers\FileHandler' driver.
INFO - 2026-07-05 19:02:52 --> Session: Class initialized using 'CodeIgniter\Session\Handlers\FileHandler' driver.
INFO - 2026-07-05 19:02:54 --> Session: Class initialized using 'CodeIgniter\Session\Handlers\FileHandler' driver.
INFO - 2026-07-05 19:26:30 --> Session: Class initialized using 'CodeIgniter\Session\Handlers\FileHandler' driver.
INFO - 2026-07-05 19:26:30 --> Session: Class initialized using 'CodeIgniter\Session\Handlers\FileHandler' driver.
INFO - 2026-07-05 19:26:48 --> Session: Class initialized using 'CodeIgniter\Session\Handlers\FileHandler' driver.
INFO - 2026-07-05 19:26:51 --> Session: Class initialized using 'CodeIgniter\Session\Handlers\FileHandler' driver.
INFO - 2026-07-05 19:27:48 --> Session: Class initialized using 'CodeIgniter\Session\Handlers\FileHandler' driver.
INFO - 2026-07-05 19:27:52 --> Session: Class initialized using 'CodeIgniter\Session\Handlers\FileHandler' driver.
INFO - 2026-07-05 19:27:53 --> Session: Class initialized using 'CodeIgniter\Session\Handlers\FileHandler' driver.
INFO - 2026-07-05 19:27:54 --> Session: Class initialized using 'CodeIgniter\Session\Handlers\FileHandler' driver.
INFO - 2026-07-05 19:27:55 --> Session: Class initialized using 'CodeIgniter\Session\Handlers\FileHandler' driver.
INFO - 2026-07-05 19:28:01 --> Session: Class initialized using 'CodeIgniter\Session\Handlers\FileHandler' driver.
INFO - 2026-07-05 19:29:27 --> Session: Class initialized using 'CodeIgniter\Session\Handlers\FileHandler' driver.
INFO - 2026-07-05 19:29:38 --> Session: Class initialized using 'CodeIgniter\Session\Handlers\FileHandler' driver.
INFO - 2026-07-05 19:29:41 --> Session: Class initialized using 'CodeIgniter\Session\Handlers\FileHandler' driver.
INFO - 2026-07-05 19:30:25 --> Session: Class initialized using 'CodeIgniter\Session\Handlers\FileHandler' driver.
INFO - 2026-07-05 19:30:40 --> Session: Class initialized using 'CodeIgniter\Session\Handlers\FileHandler' driver.
INFO - 2026-07-05 19:33:18 --> Session: Class initialized using 'CodeIgniter\Session\Handlers\FileHandler' driver.
INFO - 2026-07-05 19:33:18 --> Session: Class initialized using 'CodeIgniter\Session\Handlers\FileHandler' driver.
INFO - 2026-07-05 19:33:25 --> Session: Class initialized using 'CodeIgniter\Session\Handlers\FileHandler' driver.
INFO - 2026-07-05 19:33:37 --> Session: Class initialized using 'CodeIgniter\Session\Handlers\FileHandler' driver.
INFO - 2026-07-05 19:33:40 --> Session: Class initialized using 'CodeIgniter\Session\Handlers\FileHandler' driver.
INFO - 2026-07-05 19:34:09 --> Session: Class initialized using 'CodeIgniter\Session\Handlers\FileHandler' driver.
INFO - 2026-07-05 19:34:37 --> Session: Class initialized using 'CodeIgniter\Session\Handlers\FileHandler' driver.
INFO - 2026-07-05 19:34:39 --> Session: Class initialized using 'CodeIgniter\Session\Handlers\FileHandler' driver.
INFO - 2026-07-05 19:35:19 --> Session: Class initialized using 'CodeIgniter\Session\Handlers\FileHandler' driver.
INFO - 2026-07-05 19:36:53 --> Session: Class initialized using 'CodeIgniter\Session\Handlers\FileHandler' driver.
INFO - 2026-07-05 19:36:55 --> Session: Class initialized using 'CodeIgniter\Session\Handlers\FileHandler' driver.
INFO - 2026-07-05 19:37:01 --> Session: Class initialized using 'CodeIgniter\Session\Handlers\FileHandler' driver.
INFO - 2026-07-05 19:37:29 --> Session: Class initialized using 'CodeIgniter\Session\Handlers\FileHandler' driver.
INFO - 2026-07-05 19:37:38 --> Session: Class initialized using 'CodeIgniter\Session\Handlers\FileHandler' driver.
INFO - 2026-07-05 19:37:46 --> Session: Class initialized using 'CodeIgniter\Session\Handlers\FileHandler' driver.
INFO - 2026-07-05 19:37:49 --> Session: Class initialized using 'CodeIgniter\Session\Handlers\FileHandler' driver.
INFO - 2026-07-05 19:38:08 --> Session: Class initialized using 'CodeIgniter\Session\Handlers\FileHandler' driver.
INFO - 2026-07-05 19:38:10 --> Session: Class initialized using 'CodeIgniter\Session\Handlers\FileHandler' driver.
ERROR - 2026-07-05 19:38:10 --> mysqli_sql_exception: Table 'ygbd.testimonials' doesn't exist in C:\xampp1\htdocs\yesminegharbi\vendor\codeigniter4\framework\system\Database\MySQLi\Connection.php:306
Stack trace:
#0 C:\xampp1\htdocs\yesminegharbi\vendor\codeigniter4\framework\system\Database\MySQLi\Connection.php(306): mysqli->query('SELECT *\nFROM `...', 0)
#1 C:\xampp1\htdocs\yesminegharbi\vendor\codeigniter4\framework\system\Database\BaseConnection.php(693): CodeIgniter\Database\MySQLi\Connection->execute('SELECT *\nFROM `...')
#2 C:\xampp1\htdocs\yesminegharbi\vendor\codeigniter4\framework\system\Database\BaseConnection.php(607): CodeIgniter\Database\BaseConnection->simpleQuery('SELECT *\nFROM `...')
#3 C:\xampp1\htdocs\yesminegharbi\vendor\codeigniter4\framework\system\Database\BaseBuilder.php(1616): CodeIgniter\Database\BaseConnection->query('SELECT *\nFROM `...', Array, false)
#4 C:\xampp1\htdocs\yesminegharbi\vendor\codeigniter4\framework\system\Model.php(243): CodeIgniter\Database\BaseBuilder->get()
#5 C:\xampp1\htdocs\yesminegharbi\vendor\codeigniter4\framework\system\BaseModel.php(641): CodeIgniter\Model->doFindAll(0, 0)
#6 C:\xampp1\htdocs\yesminegharbi\app\Controllers\Admin\Testimonials.php(20): CodeIgniter\BaseModel->findAll()
#7 C:\xampp1\htdocs\yesminegharbi\vendor\codeigniter4\framework\system\CodeIgniter.php(943): App\Controllers\Admin\Testimonials->index()
#8 C:\xampp1\htdocs\yesminegharbi\vendor\codeigniter4\framework\system\CodeIgniter.php(503): CodeIgniter\CodeIgniter->runController(Object(App\Controllers\Admin\Testimonials))
#9 C:\xampp1\htdocs\yesminegharbi\vendor\codeigniter4\framework\system\CodeIgniter.php(361): CodeIgniter\CodeIgniter->handleRequest(NULL, Object(Config\Cache), false)
#10 C:\xampp1\htdocs\yesminegharbi\public\index.php(44): CodeIgniter\CodeIgniter->run()
#11 {main}
CRITICAL - 2026-07-05 19:38:10 --> CodeIgniter\Database\Exceptions\DatabaseException: Table 'ygbd.testimonials' doesn't exist
in SYSTEMPATH\Database\BaseConnection.php on line 647.
 1 SYSTEMPATH\Database\BaseBuilder.php(1616): CodeIgniter\Database\BaseConnection->query('SELECT *
FROM `testimonials`
ORDER BY `position` ASC', [], false)
 2 SYSTEMPATH\Model.php(243): CodeIgniter\Database\BaseBuilder->get()
 3 SYSTEMPATH\BaseModel.php(641): CodeIgniter\Model->doFindAll(0, 0)
 4 APPPATH\Controllers\Admin\Testimonials.php(20): CodeIgniter\BaseModel->findAll()
 5 SYSTEMPATH\CodeIgniter.php(943): App\Controllers\Admin\Testimonials->index()
 6 SYSTEMPATH\CodeIgniter.php(503): CodeIgniter\CodeIgniter->runController(Object(App\Controllers\Admin\Testimonials))
 7 SYSTEMPATH\CodeIgniter.php(361): CodeIgniter\CodeIgniter->handleRequest(null, Object(Config\Cache), false)
 8 FCPATH\index.php(44): CodeIgniter\CodeIgniter->run()
CRITICAL - 2026-07-05 19:38:10 --> [Caused by] CodeIgniter\Database\Exceptions\DatabaseException: Table 'ygbd.testimonials' doesn't exist
in SYSTEMPATH\Database\MySQLi\Connection.php on line 311.
 1 SYSTEMPATH\Database\BaseConnection.php(693): CodeIgniter\Database\MySQLi\Connection->execute('SELECT *
FROM `testimonials`
ORDER BY `position` ASC')
 2 SYSTEMPATH\Database\BaseConnection.php(607): CodeIgniter\Database\BaseConnection->simpleQuery('SELECT *
FROM `testimonials`
ORDER BY `position` ASC')
 3 SYSTEMPATH\Database\BaseBuilder.php(1616): CodeIgniter\Database\BaseConnection->query('SELECT *
FROM `testimonials`
ORDER BY `position` ASC', [], false)
 4 SYSTEMPATH\Model.php(243): CodeIgniter\Database\BaseBuilder->get()
 5 SYSTEMPATH\BaseModel.php(641): CodeIgniter\Model->doFindAll(0, 0)
 6 APPPATH\Controllers\Admin\Testimonials.php(20): CodeIgniter\BaseModel->findAll()
 7 SYSTEMPATH\CodeIgniter.php(943): App\Controllers\Admin\Testimonials->index()
 8 SYSTEMPATH\CodeIgniter.php(503): CodeIgniter\CodeIgniter->runController(Object(App\Controllers\Admin\Testimonials))
 9 SYSTEMPATH\CodeIgniter.php(361): CodeIgniter\CodeIgniter->handleRequest(null, Object(Config\Cache), false)
10 FCPATH\index.php(44): CodeIgniter\CodeIgniter->run()
CRITICAL - 2026-07-05 19:38:10 --> [Caused by] mysqli_sql_exception: Table 'ygbd.testimonials' doesn't exist
in SYSTEMPATH\Database\MySQLi\Connection.php on line 306.
 1 SYSTEMPATH\Database\MySQLi\Connection.php(306): mysqli->query('SELECT *
FROM `testimonials`
ORDER BY `position` ASC', 0)
 2 SYSTEMPATH\Database\BaseConnection.php(693): CodeIgniter\Database\MySQLi\Connection->execute('SELECT *
FROM `testimonials`
ORDER BY `position` ASC')
 3 SYSTEMPATH\Database\BaseConnection.php(607): CodeIgniter\Database\BaseConnection->simpleQuery('SELECT *
FROM `testimonials`
ORDER BY `position` ASC')
 4 SYSTEMPATH\Database\BaseBuilder.php(1616): CodeIgniter\Database\BaseConnection->query('SELECT *
FROM `testimonials`
ORDER BY `position` ASC', [], false)
 5 SYSTEMPATH\Model.php(243): CodeIgniter\Database\BaseBuilder->get()
 6 SYSTEMPATH\BaseModel.php(641): CodeIgniter\Model->doFindAll(0, 0)
 7 APPPATH\Controllers\Admin\Testimonials.php(20): CodeIgniter\BaseModel->findAll()
 8 SYSTEMPATH\CodeIgniter.php(943): App\Controllers\Admin\Testimonials->index()
 9 SYSTEMPATH\CodeIgniter.php(503): CodeIgniter\CodeIgniter->runController(Object(App\Controllers\Admin\Testimonials))
10 SYSTEMPATH\CodeIgniter.php(361): CodeIgniter\CodeIgniter->handleRequest(null, Object(Config\Cache), false)
11 FCPATH\index.php(44): CodeIgniter\CodeIgniter->run()
INFO - 2026-07-05 19:39:16 --> Session: Class initialized using 'CodeIgniter\Session\Handlers\FileHandler' driver.
ERROR - 2026-07-05 19:39:16 --> mysqli_sql_exception: Table 'ygbd.testimonials' doesn't exist in C:\xampp1\htdocs\yesminegharbi\vendor\codeigniter4\framework\system\Database\MySQLi\Connection.php:306
Stack trace:
#0 C:\xampp1\htdocs\yesminegharbi\vendor\codeigniter4\framework\system\Database\MySQLi\Connection.php(306): mysqli->query('SELECT *\nFROM `...', 0)
#1 C:\xampp1\htdocs\yesminegharbi\vendor\codeigniter4\framework\system\Database\BaseConnection.php(693): CodeIgniter\Database\MySQLi\Connection->execute('SELECT *\nFROM `...')
#2 C:\xampp1\htdocs\yesminegharbi\vendor\codeigniter4\framework\system\Database\BaseConnection.php(607): CodeIgniter\Database\BaseConnection->simpleQuery('SELECT *\nFROM `...')
#3 C:\xampp1\htdocs\yesminegharbi\vendor\codeigniter4\framework\system\Database\BaseBuilder.php(1616): CodeIgniter\Database\BaseConnection->query('SELECT *\nFROM `...', Array, false)
#4 C:\xampp1\htdocs\yesminegharbi\vendor\codeigniter4\framework\system\Model.php(243): CodeIgniter\Database\BaseBuilder->get()
#5 C:\xampp1\htdocs\yesminegharbi\vendor\codeigniter4\framework\system\BaseModel.php(641): CodeIgniter\Model->doFindAll(0, 0)
#6 C:\xampp1\htdocs\yesminegharbi\app\Controllers\Admin\Testimonials.php(20): CodeIgniter\BaseModel->findAll()
#7 C:\xampp1\htdocs\yesminegharbi\vendor\codeigniter4\framework\system\CodeIgniter.php(943): App\Controllers\Admin\Testimonials->index()
#8 C:\xampp1\htdocs\yesminegharbi\vendor\codeigniter4\framework\system\CodeIgniter.php(503): CodeIgniter\CodeIgniter->runController(Object(App\Controllers\Admin\Testimonials))
#9 C:\xampp1\htdocs\yesminegharbi\vendor\codeigniter4\framework\system\CodeIgniter.php(361): CodeIgniter\CodeIgniter->handleRequest(NULL, Object(Config\Cache), false)
#10 C:\xampp1\htdocs\yesminegharbi\public\index.php(44): CodeIgniter\CodeIgniter->run()
#11 {main}
CRITICAL - 2026-07-05 19:39:16 --> CodeIgniter\Database\Exceptions\DatabaseException: Table 'ygbd.testimonials' doesn't exist
in SYSTEMPATH\Database\BaseConnection.php on line 647.
 1 SYSTEMPATH\Database\BaseBuilder.php(1616): CodeIgniter\Database\BaseConnection->query('SELECT *
FROM `testimonials`
ORDER BY `position` ASC', [], false)
 2 SYSTEMPATH\Model.php(243): CodeIgniter\Database\BaseBuilder->get()
 3 SYSTEMPATH\BaseModel.php(641): CodeIgniter\Model->doFindAll(0, 0)
 4 APPPATH\Controllers\Admin\Testimonials.php(20): CodeIgniter\BaseModel->findAll()
 5 SYSTEMPATH\CodeIgniter.php(943): App\Controllers\Admin\Testimonials->index()
 6 SYSTEMPATH\CodeIgniter.php(503): CodeIgniter\CodeIgniter->runController(Object(App\Controllers\Admin\Testimonials))
 7 SYSTEMPATH\CodeIgniter.php(361): CodeIgniter\CodeIgniter->handleRequest(null, Object(Config\Cache), false)
 8 FCPATH\index.php(44): CodeIgniter\CodeIgniter->run()
CRITICAL - 2026-07-05 19:39:16 --> [Caused by] CodeIgniter\Database\Exceptions\DatabaseException: Table 'ygbd.testimonials' doesn't exist
in SYSTEMPATH\Database\MySQLi\Connection.php on line 311.
 1 SYSTEMPATH\Database\BaseConnection.php(693): CodeIgniter\Database\MySQLi\Connection->execute('SELECT *
FROM `testimonials`
ORDER BY `position` ASC')
 2 SYSTEMPATH\Database\BaseConnection.php(607): CodeIgniter\Database\BaseConnection->simpleQuery('SELECT *
FROM `testimonials`
ORDER BY `position` ASC')
 3 SYSTEMPATH\Database\BaseBuilder.php(1616): CodeIgniter\Database\BaseConnection->query('SELECT *
FROM `testimonials`
ORDER BY `position` ASC', [], false)
 4 SYSTEMPATH\Model.php(243): CodeIgniter\Database\BaseBuilder->get()
 5 SYSTEMPATH\BaseModel.php(641): CodeIgniter\Model->doFindAll(0, 0)
 6 APPPATH\Controllers\Admin\Testimonials.php(20): CodeIgniter\BaseModel->findAll()
 7 SYSTEMPATH\CodeIgniter.php(943): App\Controllers\Admin\Testimonials->index()
 8 SYSTEMPATH\CodeIgniter.php(503): CodeIgniter\CodeIgniter->runController(Object(App\Controllers\Admin\Testimonials))
 9 SYSTEMPATH\CodeIgniter.php(361): CodeIgniter\CodeIgniter->handleRequest(null, Object(Config\Cache), false)
10 FCPATH\index.php(44): CodeIgniter\CodeIgniter->run()
CRITICAL - 2026-07-05 19:39:16 --> [Caused by] mysqli_sql_exception: Table 'ygbd.testimonials' doesn't exist
in SYSTEMPATH\Database\MySQLi\Connection.php on line 306.
 1 SYSTEMPATH\Database\MySQLi\Connection.php(306): mysqli->query('SELECT *
FROM `testimonials`
ORDER BY `position` ASC', 0)
 2 SYSTEMPATH\Database\BaseConnection.php(693): CodeIgniter\Database\MySQLi\Connection->execute('SELECT *
FROM `testimonials`
ORDER BY `position` ASC')
 3 SYSTEMPATH\Database\BaseConnection.php(607): CodeIgniter\Database\BaseConnection->simpleQuery('SELECT *
FROM `testimonials`
ORDER BY `position` ASC')
 4 SYSTEMPATH\Database\BaseBuilder.php(1616): CodeIgniter\Database\BaseConnection->query('SELECT *
FROM `testimonials`
ORDER BY `position` ASC', [], false)
 5 SYSTEMPATH\Model.php(243): CodeIgniter\Database\BaseBuilder->get()
 6 SYSTEMPATH\BaseModel.php(641): CodeIgniter\Model->doFindAll(0, 0)
 7 APPPATH\Controllers\Admin\Testimonials.php(20): CodeIgniter\BaseModel->findAll()
 8 SYSTEMPATH\CodeIgniter.php(943): App\Controllers\Admin\Testimonials->index()
 9 SYSTEMPATH\CodeIgniter.php(503): CodeIgniter\CodeIgniter->runController(Object(App\Controllers\Admin\Testimonials))
10 SYSTEMPATH\CodeIgniter.php(361): CodeIgniter\CodeIgniter->handleRequest(null, Object(Config\Cache), false)
11 FCPATH\index.php(44): CodeIgniter\CodeIgniter->run()
INFO - 2026-07-05 19:39:32 --> Session: Class initialized using 'CodeIgniter\Session\Handlers\FileHandler' driver.
ERROR - 2026-07-05 19:39:32 --> mysqli_sql_exception: Table 'ygbd.testimonials' doesn't exist in C:\xampp1\htdocs\yesminegharbi\vendor\codeigniter4\framework\system\Database\MySQLi\Connection.php:306
Stack trace:
#0 C:\xampp1\htdocs\yesminegharbi\vendor\codeigniter4\framework\system\Database\MySQLi\Connection.php(306): mysqli->query('SELECT *\nFROM `...', 0)
#1 C:\xampp1\htdocs\yesminegharbi\vendor\codeigniter4\framework\system\Database\BaseConnection.php(693): CodeIgniter\Database\MySQLi\Connection->execute('SELECT *\nFROM `...')
#2 C:\xampp1\htdocs\yesminegharbi\vendor\codeigniter4\framework\system\Database\BaseConnection.php(607): CodeIgniter\Database\BaseConnection->simpleQuery('SELECT *\nFROM `...')
#3 C:\xampp1\htdocs\yesminegharbi\vendor\codeigniter4\framework\system\Database\BaseBuilder.php(1616): CodeIgniter\Database\BaseConnection->query('SELECT *\nFROM `...', Array, false)
#4 C:\xampp1\htdocs\yesminegharbi\vendor\codeigniter4\framework\system\Model.php(243): CodeIgniter\Database\BaseBuilder->get()
#5 C:\xampp1\htdocs\yesminegharbi\vendor\codeigniter4\framework\system\BaseModel.php(641): CodeIgniter\Model->doFindAll(0, 0)
#6 C:\xampp1\htdocs\yesminegharbi\app\Controllers\Admin\Testimonials.php(20): CodeIgniter\BaseModel->findAll()
#7 C:\xampp1\htdocs\yesminegharbi\vendor\codeigniter4\framework\system\CodeIgniter.php(943): App\Controllers\Admin\Testimonials->index()
#8 C:\xampp1\htdocs\yesminegharbi\vendor\codeigniter4\framework\system\CodeIgniter.php(503): CodeIgniter\CodeIgniter->runController(Object(App\Controllers\Admin\Testimonials))
#9 C:\xampp1\htdocs\yesminegharbi\vendor\codeigniter4\framework\system\CodeIgniter.php(361): CodeIgniter\CodeIgniter->handleRequest(NULL, Object(Config\Cache), false)
#10 C:\xampp1\htdocs\yesminegharbi\public\index.php(44): CodeIgniter\CodeIgniter->run()
#11 {main}
CRITICAL - 2026-07-05 19:39:32 --> CodeIgniter\Database\Exceptions\DatabaseException: Table 'ygbd.testimonials' doesn't exist
in SYSTEMPATH\Database\BaseConnection.php on line 647.
 1 SYSTEMPATH\Database\BaseBuilder.php(1616): CodeIgniter\Database\BaseConnection->query('SELECT *
FROM `testimonials`
ORDER BY `position` ASC', [], false)
 2 SYSTEMPATH\Model.php(243): CodeIgniter\Database\BaseBuilder->get()
 3 SYSTEMPATH\BaseModel.php(641): CodeIgniter\Model->doFindAll(0, 0)
 4 APPPATH\Controllers\Admin\Testimonials.php(20): CodeIgniter\BaseModel->findAll()
 5 SYSTEMPATH\CodeIgniter.php(943): App\Controllers\Admin\Testimonials->index()
 6 SYSTEMPATH\CodeIgniter.php(503): CodeIgniter\CodeIgniter->runController(Object(App\Controllers\Admin\Testimonials))
 7 SYSTEMPATH\CodeIgniter.php(361): CodeIgniter\CodeIgniter->handleRequest(null, Object(Config\Cache), false)
 8 FCPATH\index.php(44): CodeIgniter\CodeIgniter->run()
CRITICAL - 2026-07-05 19:39:32 --> [Caused by] CodeIgniter\Database\Exceptions\DatabaseException: Table 'ygbd.testimonials' doesn't exist
in SYSTEMPATH\Database\MySQLi\Connection.php on line 311.
 1 SYSTEMPATH\Database\BaseConnection.php(693): CodeIgniter\Database\MySQLi\Connection->execute('SELECT *
FROM `testimonials`
ORDER BY `position` ASC')
 2 SYSTEMPATH\Database\BaseConnection.php(607): CodeIgniter\Database\BaseConnection->simpleQuery('SELECT *
FROM `testimonials`
ORDER BY `position` ASC')
 3 SYSTEMPATH\Database\BaseBuilder.php(1616): CodeIgniter\Database\BaseConnection->query('SELECT *
FROM `testimonials`
ORDER BY `position` ASC', [], false)
 4 SYSTEMPATH\Model.php(243): CodeIgniter\Database\BaseBuilder->get()
 5 SYSTEMPATH\BaseModel.php(641): CodeIgniter\Model->doFindAll(0, 0)
 6 APPPATH\Controllers\Admin\Testimonials.php(20): CodeIgniter\BaseModel->findAll()
 7 SYSTEMPATH\CodeIgniter.php(943): App\Controllers\Admin\Testimonials->index()
 8 SYSTEMPATH\CodeIgniter.php(503): CodeIgniter\CodeIgniter->runController(Object(App\Controllers\Admin\Testimonials))
 9 SYSTEMPATH\CodeIgniter.php(361): CodeIgniter\CodeIgniter->handleRequest(null, Object(Config\Cache), false)
10 FCPATH\index.php(44): CodeIgniter\CodeIgniter->run()
CRITICAL - 2026-07-05 19:39:32 --> [Caused by] mysqli_sql_exception: Table 'ygbd.testimonials' doesn't exist
in SYSTEMPATH\Database\MySQLi\Connection.php on line 306.
 1 SYSTEMPATH\Database\MySQLi\Connection.php(306): mysqli->query('SELECT *
FROM `testimonials`
ORDER BY `position` ASC', 0)
 2 SYSTEMPATH\Database\BaseConnection.php(693): CodeIgniter\Database\MySQLi\Connection->execute('SELECT *
FROM `testimonials`
ORDER BY `position` ASC')
 3 SYSTEMPATH\Database\BaseConnection.php(607): CodeIgniter\Database\BaseConnection->simpleQuery('SELECT *
FROM `testimonials`
ORDER BY `position` ASC')
 4 SYSTEMPATH\Database\BaseBuilder.php(1616): CodeIgniter\Database\BaseConnection->query('SELECT *
FROM `testimonials`
ORDER BY `position` ASC', [], false)
 5 SYSTEMPATH\Model.php(243): CodeIgniter\Database\BaseBuilder->get()
 6 SYSTEMPATH\BaseModel.php(641): CodeIgniter\Model->doFindAll(0, 0)
 7 APPPATH\Controllers\Admin\Testimonials.php(20): CodeIgniter\BaseModel->findAll()
 8 SYSTEMPATH\CodeIgniter.php(943): App\Controllers\Admin\Testimonials->index()
 9 SYSTEMPATH\CodeIgniter.php(503): CodeIgniter\CodeIgniter->runController(Object(App\Controllers\Admin\Testimonials))
10 SYSTEMPATH\CodeIgniter.php(361): CodeIgniter\CodeIgniter->handleRequest(null, Object(Config\Cache), false)
11 FCPATH\index.php(44): CodeIgniter\CodeIgniter->run()
INFO - 2026-07-05 19:39:33 --> Session: Class initialized using 'CodeIgniter\Session\Handlers\FileHandler' driver.
ERROR - 2026-07-05 19:39:33 --> mysqli_sql_exception: Table 'ygbd.testimonials' doesn't exist in C:\xampp1\htdocs\yesminegharbi\vendor\codeigniter4\framework\system\Database\MySQLi\Connection.php:306
Stack trace:
#0 C:\xampp1\htdocs\yesminegharbi\vendor\codeigniter4\framework\system\Database\MySQLi\Connection.php(306): mysqli->query('SELECT *\nFROM `...', 0)
#1 C:\xampp1\htdocs\yesminegharbi\vendor\codeigniter4\framework\system\Database\BaseConnection.php(693): CodeIgniter\Database\MySQLi\Connection->execute('SELECT *\nFROM `...')
#2 C:\xampp1\htdocs\yesminegharbi\vendor\codeigniter4\framework\system\Database\BaseConnection.php(607): CodeIgniter\Database\BaseConnection->simpleQuery('SELECT *\nFROM `...')
#3 C:\xampp1\htdocs\yesminegharbi\vendor\codeigniter4\framework\system\Database\BaseBuilder.php(1616): CodeIgniter\Database\BaseConnection->query('SELECT *\nFROM `...', Array, false)
#4 C:\xampp1\htdocs\yesminegharbi\vendor\codeigniter4\framework\system\Model.php(243): CodeIgniter\Database\BaseBuilder->get()
#5 C:\xampp1\htdocs\yesminegharbi\vendor\codeigniter4\framework\system\BaseModel.php(641): CodeIgniter\Model->doFindAll(0, 0)
#6 C:\xampp1\htdocs\yesminegharbi\app\Controllers\Admin\Testimonials.php(20): CodeIgniter\BaseModel->findAll()
#7 C:\xampp1\htdocs\yesminegharbi\vendor\codeigniter4\framework\system\CodeIgniter.php(943): App\Controllers\Admin\Testimonials->index()
#8 C:\xampp1\htdocs\yesminegharbi\vendor\codeigniter4\framework\system\CodeIgniter.php(503): CodeIgniter\CodeIgniter->runController(Object(App\Controllers\Admin\Testimonials))
#9 C:\xampp1\htdocs\yesminegharbi\vendor\codeigniter4\framework\system\CodeIgniter.php(361): CodeIgniter\CodeIgniter->handleRequest(NULL, Object(Config\Cache), false)
#10 C:\xampp1\htdocs\yesminegharbi\public\index.php(44): CodeIgniter\CodeIgniter->run()
#11 {main}
CRITICAL - 2026-07-05 19:39:33 --> CodeIgniter\Database\Exceptions\DatabaseException: Table 'ygbd.testimonials' doesn't exist
in SYSTEMPATH\Database\BaseConnection.php on line 647.
 1 SYSTEMPATH\Database\BaseBuilder.php(1616): CodeIgniter\Database\BaseConnection->query('SELECT *
FROM `testimonials`
ORDER BY `position` ASC', [], false)
 2 SYSTEMPATH\Model.php(243): CodeIgniter\Database\BaseBuilder->get()
 3 SYSTEMPATH\BaseModel.php(641): CodeIgniter\Model->doFindAll(0, 0)
 4 APPPATH\Controllers\Admin\Testimonials.php(20): CodeIgniter\BaseModel->findAll()
 5 SYSTEMPATH\CodeIgniter.php(943): App\Controllers\Admin\Testimonials->index()
 6 SYSTEMPATH\CodeIgniter.php(503): CodeIgniter\CodeIgniter->runController(Object(App\Controllers\Admin\Testimonials))
 7 SYSTEMPATH\CodeIgniter.php(361): CodeIgniter\CodeIgniter->handleRequest(null, Object(Config\Cache), false)
 8 FCPATH\index.php(44): CodeIgniter\CodeIgniter->run()
CRITICAL - 2026-07-05 19:39:33 --> [Caused by] CodeIgniter\Database\Exceptions\DatabaseException: Table 'ygbd.testimonials' doesn't exist
in SYSTEMPATH\Database\MySQLi\Connection.php on line 311.
 1 SYSTEMPATH\Database\BaseConnection.php(693): CodeIgniter\Database\MySQLi\Connection->execute('SELECT *
FROM `testimonials`
ORDER BY `position` ASC')
 2 SYSTEMPATH\Database\BaseConnection.php(607): CodeIgniter\Database\BaseConnection->simpleQuery('SELECT *
FROM `testimonials`
ORDER BY `position` ASC')
 3 SYSTEMPATH\Database\BaseBuilder.php(1616): CodeIgniter\Database\BaseConnection->query('SELECT *
FROM `testimonials`
ORDER BY `position` ASC', [], false)
 4 SYSTEMPATH\Model.php(243): CodeIgniter\Database\BaseBuilder->get()
 5 SYSTEMPATH\BaseModel.php(641): CodeIgniter\Model->doFindAll(0, 0)
 6 APPPATH\Controllers\Admin\Testimonials.php(20): CodeIgniter\BaseModel->findAll()
 7 SYSTEMPATH\CodeIgniter.php(943): App\Controllers\Admin\Testimonials->index()
 8 SYSTEMPATH\CodeIgniter.php(503): CodeIgniter\CodeIgniter->runController(Object(App\Controllers\Admin\Testimonials))
 9 SYSTEMPATH\CodeIgniter.php(361): CodeIgniter\CodeIgniter->handleRequest(null, Object(Config\Cache), false)
10 FCPATH\index.php(44): CodeIgniter\CodeIgniter->run()
CRITICAL - 2026-07-05 19:39:33 --> [Caused by] mysqli_sql_exception: Table 'ygbd.testimonials' doesn't exist
in SYSTEMPATH\Database\MySQLi\Connection.php on line 306.
 1 SYSTEMPATH\Database\MySQLi\Connection.php(306): mysqli->query('SELECT *
FROM `testimonials`
ORDER BY `position` ASC', 0)
 2 SYSTEMPATH\Database\BaseConnection.php(693): CodeIgniter\Database\MySQLi\Connection->execute('SELECT *
FROM `testimonials`
ORDER BY `position` ASC')
 3 SYSTEMPATH\Database\BaseConnection.php(607): CodeIgniter\Database\BaseConnection->simpleQuery('SELECT *
FROM `testimonials`
ORDER BY `position` ASC')
 4 SYSTEMPATH\Database\BaseBuilder.php(1616): CodeIgniter\Database\BaseConnection->query('SELECT *
FROM `testimonials`
ORDER BY `position` ASC', [], false)
 5 SYSTEMPATH\Model.php(243): CodeIgniter\Database\BaseBuilder->get()
 6 SYSTEMPATH\BaseModel.php(641): CodeIgniter\Model->doFindAll(0, 0)
 7 APPPATH\Controllers\Admin\Testimonials.php(20): CodeIgniter\BaseModel->findAll()
 8 SYSTEMPATH\CodeIgniter.php(943): App\Controllers\Admin\Testimonials->index()
 9 SYSTEMPATH\CodeIgniter.php(503): CodeIgniter\CodeIgniter->runController(Object(App\Controllers\Admin\Testimonials))
10 SYSTEMPATH\CodeIgniter.php(361): CodeIgniter\CodeIgniter->handleRequest(null, Object(Config\Cache), false)
11 FCPATH\index.php(44): CodeIgniter\CodeIgniter->run()
ERROR - 2026-07-05 19:40:01 --> mysqli_sql_exception: Table 'formations' already exists in C:\xampp1\htdocs\yesminegharbi\vendor\codeigniter4\framework\system\Database\MySQLi\Connection.php:306
Stack trace:
#0 C:\xampp1\htdocs\yesminegharbi\vendor\codeigniter4\framework\system\Database\MySQLi\Connection.php(306): mysqli->query('CREATE TABLE `f...', 0)
#1 C:\xampp1\htdocs\yesminegharbi\vendor\codeigniter4\framework\system\Database\BaseConnection.php(693): CodeIgniter\Database\MySQLi\Connection->execute('CREATE TABLE `f...')
#2 C:\xampp1\htdocs\yesminegharbi\vendor\codeigniter4\framework\system\Database\BaseConnection.php(607): CodeIgniter\Database\BaseConnection->simpleQuery('CREATE TABLE `f...')
#3 C:\xampp1\htdocs\yesminegharbi\vendor\codeigniter4\framework\system\Database\Forge.php(555): CodeIgniter\Database\BaseConnection->query('CREATE TABLE `f...')
#4 C:\xampp1\htdocs\yesminegharbi\app\Database\Migrations\2026-06-07-000001_CreateFormationsTable.php(30): CodeIgniter\Database\Forge->createTable('formations')
#5 C:\xampp1\htdocs\yesminegharbi\vendor\codeigniter4\framework\system\Database\MigrationRunner.php(865): App\Database\Migrations\CreateFormationsTable->up()
#6 C:\xampp1\htdocs\yesminegharbi\vendor\codeigniter4\framework\system\Database\MigrationRunner.php(181): CodeIgniter\Database\MigrationRunner->migrate('up', Object(stdClass))
#7 C:\xampp1\htdocs\yesminegharbi\vendor\codeigniter4\framework\system\Commands\Database\Migrate.php(84): CodeIgniter\Database\MigrationRunner->latest(NULL)
#8 C:\xampp1\htdocs\yesminegharbi\vendor\codeigniter4\framework\system\CLI\Commands.php(65): CodeIgniter\Commands\Database\Migrate->run(Array)
#9 C:\xampp1\htdocs\yesminegharbi\vendor\codeigniter4\framework\system\CLI\Console.php(46): CodeIgniter\CLI\Commands->run('migrate', Array)
#10 C:\xampp1\htdocs\yesminegharbi\spark(60): CodeIgniter\CLI\Console->run()
#11 {main}
INFO - 2026-07-05 19:40:08 --> Session: Class initialized using 'CodeIgniter\Session\Handlers\FileHandler' driver.
ERROR - 2026-07-05 19:40:08 --> mysqli_sql_exception: Table 'ygbd.testimonials' doesn't exist in C:\xampp1\htdocs\yesminegharbi\vendor\codeigniter4\framework\system\Database\MySQLi\Connection.php:306
Stack trace:
#0 C:\xampp1\htdocs\yesminegharbi\vendor\codeigniter4\framework\system\Database\MySQLi\Connection.php(306): mysqli->query('SELECT *\nFROM `...', 0)
#1 C:\xampp1\htdocs\yesminegharbi\vendor\codeigniter4\framework\system\Database\BaseConnection.php(693): CodeIgniter\Database\MySQLi\Connection->execute('SELECT *\nFROM `...')
#2 C:\xampp1\htdocs\yesminegharbi\vendor\codeigniter4\framework\system\Database\BaseConnection.php(607): CodeIgniter\Database\BaseConnection->simpleQuery('SELECT *\nFROM `...')
#3 C:\xampp1\htdocs\yesminegharbi\vendor\codeigniter4\framework\system\Database\BaseBuilder.php(1616): CodeIgniter\Database\BaseConnection->query('SELECT *\nFROM `...', Array, false)
#4 C:\xampp1\htdocs\yesminegharbi\vendor\codeigniter4\framework\system\Model.php(243): CodeIgniter\Database\BaseBuilder->get()
#5 C:\xampp1\htdocs\yesminegharbi\vendor\codeigniter4\framework\system\BaseModel.php(641): CodeIgniter\Model->doFindAll(0, 0)
#6 C:\xampp1\htdocs\yesminegharbi\app\Controllers\Admin\Testimonials.php(20): CodeIgniter\BaseModel->findAll()
#7 C:\xampp1\htdocs\yesminegharbi\vendor\codeigniter4\framework\system\CodeIgniter.php(943): App\Controllers\Admin\Testimonials->index()
#8 C:\xampp1\htdocs\yesminegharbi\vendor\codeigniter4\framework\system\CodeIgniter.php(503): CodeIgniter\CodeIgniter->runController(Object(App\Controllers\Admin\Testimonials))
#9 C:\xampp1\htdocs\yesminegharbi\vendor\codeigniter4\framework\system\CodeIgniter.php(361): CodeIgniter\CodeIgniter->handleRequest(NULL, Object(Config\Cache), false)
#10 C:\xampp1\htdocs\yesminegharbi\public\index.php(44): CodeIgniter\CodeIgniter->run()
#11 {main}
CRITICAL - 2026-07-05 19:40:08 --> CodeIgniter\Database\Exceptions\DatabaseException: Table 'ygbd.testimonials' doesn't exist
in SYSTEMPATH\Database\BaseConnection.php on line 647.
 1 SYSTEMPATH\Database\BaseBuilder.php(1616): CodeIgniter\Database\BaseConnection->query('SELECT *
FROM `testimonials`
ORDER BY `position` ASC', [], false)
 2 SYSTEMPATH\Model.php(243): CodeIgniter\Database\BaseBuilder->get()
 3 SYSTEMPATH\BaseModel.php(641): CodeIgniter\Model->doFindAll(0, 0)
 4 APPPATH\Controllers\Admin\Testimonials.php(20): CodeIgniter\BaseModel->findAll()
 5 SYSTEMPATH\CodeIgniter.php(943): App\Controllers\Admin\Testimonials->index()
 6 SYSTEMPATH\CodeIgniter.php(503): CodeIgniter\CodeIgniter->runController(Object(App\Controllers\Admin\Testimonials))
 7 SYSTEMPATH\CodeIgniter.php(361): CodeIgniter\CodeIgniter->handleRequest(null, Object(Config\Cache), false)
 8 FCPATH\index.php(44): CodeIgniter\CodeIgniter->run()
CRITICAL - 2026-07-05 19:40:08 --> [Caused by] CodeIgniter\Database\Exceptions\DatabaseException: Table 'ygbd.testimonials' doesn't exist
in SYSTEMPATH\Database\MySQLi\Connection.php on line 311.
 1 SYSTEMPATH\Database\BaseConnection.php(693): CodeIgniter\Database\MySQLi\Connection->execute('SELECT *
FROM `testimonials`
ORDER BY `position` ASC')
 2 SYSTEMPATH\Database\BaseConnection.php(607): CodeIgniter\Database\BaseConnection->simpleQuery('SELECT *
FROM `testimonials`
ORDER BY `position` ASC')
 3 SYSTEMPATH\Database\BaseBuilder.php(1616): CodeIgniter\Database\BaseConnection->query('SELECT *
FROM `testimonials`
ORDER BY `position` ASC', [], false)
 4 SYSTEMPATH\Model.php(243): CodeIgniter\Database\BaseBuilder->get()
 5 SYSTEMPATH\BaseModel.php(641): CodeIgniter\Model->doFindAll(0, 0)
 6 APPPATH\Controllers\Admin\Testimonials.php(20): CodeIgniter\BaseModel->findAll()
 7 SYSTEMPATH\CodeIgniter.php(943): App\Controllers\Admin\Testimonials->index()
 8 SYSTEMPATH\CodeIgniter.php(503): CodeIgniter\CodeIgniter->runController(Object(App\Controllers\Admin\Testimonials))
 9 SYSTEMPATH\CodeIgniter.php(361): CodeIgniter\CodeIgniter->handleRequest(null, Object(Config\Cache), false)
10 FCPATH\index.php(44): CodeIgniter\CodeIgniter->run()
CRITICAL - 2026-07-05 19:40:08 --> [Caused by] mysqli_sql_exception: Table 'ygbd.testimonials' doesn't exist
in SYSTEMPATH\Database\MySQLi\Connection.php on line 306.
 1 SYSTEMPATH\Database\MySQLi\Connection.php(306): mysqli->query('SELECT *
FROM `testimonials`
ORDER BY `position` ASC', 0)
 2 SYSTEMPATH\Database\BaseConnection.php(693): CodeIgniter\Database\MySQLi\Connection->execute('SELECT *
FROM `testimonials`
ORDER BY `position` ASC')
 3 SYSTEMPATH\Database\BaseConnection.php(607): CodeIgniter\Database\BaseConnection->simpleQuery('SELECT *
FROM `testimonials`
ORDER BY `position` ASC')
 4 SYSTEMPATH\Database\BaseBuilder.php(1616): CodeIgniter\Database\BaseConnection->query('SELECT *
FROM `testimonials`
ORDER BY `position` ASC', [], false)
 5 SYSTEMPATH\Model.php(243): CodeIgniter\Database\BaseBuilder->get()
 6 SYSTEMPATH\BaseModel.php(641): CodeIgniter\Model->doFindAll(0, 0)
 7 APPPATH\Controllers\Admin\Testimonials.php(20): CodeIgniter\BaseModel->findAll()
 8 SYSTEMPATH\CodeIgniter.php(943): App\Controllers\Admin\Testimonials->index()
 9 SYSTEMPATH\CodeIgniter.php(503): CodeIgniter\CodeIgniter->runController(Object(App\Controllers\Admin\Testimonials))
10 SYSTEMPATH\CodeIgniter.php(361): CodeIgniter\CodeIgniter->handleRequest(null, Object(Config\Cache), false)
11 FCPATH\index.php(44): CodeIgniter\CodeIgniter->run()
INFO - 2026-07-05 19:40:11 --> Session: Class initialized using 'CodeIgniter\Session\Handlers\FileHandler' driver.
ERROR - 2026-07-05 19:40:12 --> mysqli_sql_exception: Table 'ygbd.testimonials' doesn't exist in C:\xampp1\htdocs\yesminegharbi\vendor\codeigniter4\framework\system\Database\MySQLi\Connection.php:306
Stack trace:
#0 C:\xampp1\htdocs\yesminegharbi\vendor\codeigniter4\framework\system\Database\MySQLi\Connection.php(306): mysqli->query('SELECT *\nFROM `...', 0)
#1 C:\xampp1\htdocs\yesminegharbi\vendor\codeigniter4\framework\system\Database\BaseConnection.php(693): CodeIgniter\Database\MySQLi\Connection->execute('SELECT *\nFROM `...')
#2 C:\xampp1\htdocs\yesminegharbi\vendor\codeigniter4\framework\system\Database\BaseConnection.php(607): CodeIgniter\Database\BaseConnection->simpleQuery('SELECT *\nFROM `...')
#3 C:\xampp1\htdocs\yesminegharbi\vendor\codeigniter4\framework\system\Database\BaseBuilder.php(1616): CodeIgniter\Database\BaseConnection->query('SELECT *\nFROM `...', Array, false)
#4 C:\xampp1\htdocs\yesminegharbi\vendor\codeigniter4\framework\system\Model.php(243): CodeIgniter\Database\BaseBuilder->get()
#5 C:\xampp1\htdocs\yesminegharbi\vendor\codeigniter4\framework\system\BaseModel.php(641): CodeIgniter\Model->doFindAll(0, 0)
#6 C:\xampp1\htdocs\yesminegharbi\app\Controllers\Admin\Testimonials.php(20): CodeIgniter\BaseModel->findAll()
#7 C:\xampp1\htdocs\yesminegharbi\vendor\codeigniter4\framework\system\CodeIgniter.php(943): App\Controllers\Admin\Testimonials->index()
#8 C:\xampp1\htdocs\yesminegharbi\vendor\codeigniter4\framework\system\CodeIgniter.php(503): CodeIgniter\CodeIgniter->runController(Object(App\Controllers\Admin\Testimonials))
#9 C:\xampp1\htdocs\yesminegharbi\vendor\codeigniter4\framework\system\CodeIgniter.php(361): CodeIgniter\CodeIgniter->handleRequest(NULL, Object(Config\Cache), false)
#10 C:\xampp1\htdocs\yesminegharbi\public\index.php(44): CodeIgniter\CodeIgniter->run()
#11 {main}
CRITICAL - 2026-07-05 19:40:12 --> CodeIgniter\Database\Exceptions\DatabaseException: Table 'ygbd.testimonials' doesn't exist
in SYSTEMPATH\Database\BaseConnection.php on line 647.
 1 SYSTEMPATH\Database\BaseBuilder.php(1616): CodeIgniter\Database\BaseConnection->query('SELECT *
FROM `testimonials`
ORDER BY `position` ASC', [], false)
 2 SYSTEMPATH\Model.php(243): CodeIgniter\Database\BaseBuilder->get()
 3 SYSTEMPATH\BaseModel.php(641): CodeIgniter\Model->doFindAll(0, 0)
 4 APPPATH\Controllers\Admin\Testimonials.php(20): CodeIgniter\BaseModel->findAll()
 5 SYSTEMPATH\CodeIgniter.php(943): App\Controllers\Admin\Testimonials->index()
 6 SYSTEMPATH\CodeIgniter.php(503): CodeIgniter\CodeIgniter->runController(Object(App\Controllers\Admin\Testimonials))
 7 SYSTEMPATH\CodeIgniter.php(361): CodeIgniter\CodeIgniter->handleRequest(null, Object(Config\Cache), false)
 8 FCPATH\index.php(44): CodeIgniter\CodeIgniter->run()
CRITICAL - 2026-07-05 19:40:12 --> [Caused by] CodeIgniter\Database\Exceptions\DatabaseException: Table 'ygbd.testimonials' doesn't exist
in SYSTEMPATH\Database\MySQLi\Connection.php on line 311.
 1 SYSTEMPATH\Database\BaseConnection.php(693): CodeIgniter\Database\MySQLi\Connection->execute('SELECT *
FROM `testimonials`
ORDER BY `position` ASC')
 2 SYSTEMPATH\Database\BaseConnection.php(607): CodeIgniter\Database\BaseConnection->simpleQuery('SELECT *
FROM `testimonials`
ORDER BY `position` ASC')
 3 SYSTEMPATH\Database\BaseBuilder.php(1616): CodeIgniter\Database\BaseConnection->query('SELECT *
FROM `testimonials`
ORDER BY `position` ASC', [], false)
 4 SYSTEMPATH\Model.php(243): CodeIgniter\Database\BaseBuilder->get()
 5 SYSTEMPATH\BaseModel.php(641): CodeIgniter\Model->doFindAll(0, 0)
 6 APPPATH\Controllers\Admin\Testimonials.php(20): CodeIgniter\BaseModel->findAll()
 7 SYSTEMPATH\CodeIgniter.php(943): App\Controllers\Admin\Testimonials->index()
 8 SYSTEMPATH\CodeIgniter.php(503): CodeIgniter\CodeIgniter->runController(Object(App\Controllers\Admin\Testimonials))
 9 SYSTEMPATH\CodeIgniter.php(361): CodeIgniter\CodeIgniter->handleRequest(null, Object(Config\Cache), false)
10 FCPATH\index.php(44): CodeIgniter\CodeIgniter->run()
CRITICAL - 2026-07-05 19:40:12 --> [Caused by] mysqli_sql_exception: Table 'ygbd.testimonials' doesn't exist
in SYSTEMPATH\Database\MySQLi\Connection.php on line 306.
 1 SYSTEMPATH\Database\MySQLi\Connection.php(306): mysqli->query('SELECT *
FROM `testimonials`
ORDER BY `position` ASC', 0)
 2 SYSTEMPATH\Database\BaseConnection.php(693): CodeIgniter\Database\MySQLi\Connection->execute('SELECT *
FROM `testimonials`
ORDER BY `position` ASC')
 3 SYSTEMPATH\Database\BaseConnection.php(607): CodeIgniter\Database\BaseConnection->simpleQuery('SELECT *
FROM `testimonials`
ORDER BY `position` ASC')
 4 SYSTEMPATH\Database\BaseBuilder.php(1616): CodeIgniter\Database\BaseConnection->query('SELECT *
FROM `testimonials`
ORDER BY `position` ASC', [], false)
 5 SYSTEMPATH\Model.php(243): CodeIgniter\Database\BaseBuilder->get()
 6 SYSTEMPATH\BaseModel.php(641): CodeIgniter\Model->doFindAll(0, 0)
 7 APPPATH\Controllers\Admin\Testimonials.php(20): CodeIgniter\BaseModel->findAll()
 8 SYSTEMPATH\CodeIgniter.php(943): App\Controllers\Admin\Testimonials->index()
 9 SYSTEMPATH\CodeIgniter.php(503): CodeIgniter\CodeIgniter->runController(Object(App\Controllers\Admin\Testimonials))
10 SYSTEMPATH\CodeIgniter.php(361): CodeIgniter\CodeIgniter->handleRequest(null, Object(Config\Cache), false)
11 FCPATH\index.php(44): CodeIgniter\CodeIgniter->run()
INFO - 2026-07-05 19:40:46 --> Session: Class initialized using 'CodeIgniter\Session\Handlers\FileHandler' driver.
INFO - 2026-07-05 19:41:23 --> Session: Class initialized using 'CodeIgniter\Session\Handlers\FileHandler' driver.
INFO - 2026-07-05 19:45:18 --> Session: Class initialized using 'CodeIgniter\Session\Handlers\FileHandler' driver.
INFO - 2026-07-05 19:47:44 --> Session: Class initialized using 'CodeIgniter\Session\Handlers\FileHandler' driver.
INFO - 2026-07-05 19:51:04 --> Session: Class initialized using 'CodeIgniter\Session\Handlers\FileHandler' driver.
ERROR - 2026-07-05 19:51:04 --> mysqli_sql_exception: Table 'ygbd.testimonials' doesn't exist in C:\xampp1\htdocs\yesminegharbi\vendor\codeigniter4\framework\system\Database\MySQLi\Connection.php:306
Stack trace:
#0 C:\xampp1\htdocs\yesminegharbi\vendor\codeigniter4\framework\system\Database\MySQLi\Connection.php(306): mysqli->query('SELECT *\nFROM `...', 0)
#1 C:\xampp1\htdocs\yesminegharbi\vendor\codeigniter4\framework\system\Database\BaseConnection.php(693): CodeIgniter\Database\MySQLi\Connection->execute('SELECT *\nFROM `...')
#2 C:\xampp1\htdocs\yesminegharbi\vendor\codeigniter4\framework\system\Database\BaseConnection.php(607): CodeIgniter\Database\BaseConnection->simpleQuery('SELECT *\nFROM `...')
#3 C:\xampp1\htdocs\yesminegharbi\vendor\codeigniter4\framework\system\Database\BaseBuilder.php(1616): CodeIgniter\Database\BaseConnection->query('SELECT *\nFROM `...', Array, false)
#4 C:\xampp1\htdocs\yesminegharbi\vendor\codeigniter4\framework\system\Model.php(243): CodeIgniter\Database\BaseBuilder->get()
#5 C:\xampp1\htdocs\yesminegharbi\vendor\codeigniter4\framework\system\BaseModel.php(641): CodeIgniter\Model->doFindAll(0, 0)
#6 C:\xampp1\htdocs\yesminegharbi\app\Models\TestimonialModel.php(29): CodeIgniter\BaseModel->findAll()
#7 C:\xampp1\htdocs\yesminegharbi\app\Controllers\Home.php(26): App\Models\TestimonialModel->getActive()
#8 C:\xampp1\htdocs\yesminegharbi\vendor\codeigniter4\framework\system\CodeIgniter.php(943): App\Controllers\Home->index()
#9 C:\xampp1\htdocs\yesminegharbi\vendor\codeigniter4\framework\system\CodeIgniter.php(503): CodeIgniter\CodeIgniter->runController(Object(App\Controllers\Home))
#10 C:\xampp1\htdocs\yesminegharbi\vendor\codeigniter4\framework\system\CodeIgniter.php(361): CodeIgniter\CodeIgniter->handleRequest(NULL, Object(Config\Cache), false)
#11 C:\xampp1\htdocs\yesminegharbi\public\index.php(44): CodeIgniter\CodeIgniter->run()
#12 {main}
CRITICAL - 2026-07-05 19:51:04 --> CodeIgniter\Database\Exceptions\DatabaseException: Table 'ygbd.testimonials' doesn't exist
in SYSTEMPATH\Database\BaseConnection.php on line 647.
 1 SYSTEMPATH\Database\BaseBuilder.php(1616): CodeIgniter\Database\BaseConnection->query('SELECT *
FROM `testimonials`
WHERE `is_active` = :is_active:
ORDER BY `position` ASC', [...], false)
 2 SYSTEMPATH\Model.php(243): CodeIgniter\Database\BaseBuilder->get()
 3 SYSTEMPATH\BaseModel.php(641): CodeIgniter\Model->doFindAll(0, 0)
 4 APPPATH\Models\TestimonialModel.php(29): CodeIgniter\BaseModel->findAll()
 5 APPPATH\Controllers\Home.php(26): App\Models\TestimonialModel->getActive()
 6 SYSTEMPATH\CodeIgniter.php(943): App\Controllers\Home->index()
 7 SYSTEMPATH\CodeIgniter.php(503): CodeIgniter\CodeIgniter->runController(Object(App\Controllers\Home))
 8 SYSTEMPATH\CodeIgniter.php(361): CodeIgniter\CodeIgniter->handleRequest(null, Object(Config\Cache), false)
 9 FCPATH\index.php(44): CodeIgniter\CodeIgniter->run()
CRITICAL - 2026-07-05 19:51:04 --> [Caused by] CodeIgniter\Database\Exceptions\DatabaseException: Table 'ygbd.testimonials' doesn't exist
in SYSTEMPATH\Database\MySQLi\Connection.php on line 311.
 1 SYSTEMPATH\Database\BaseConnection.php(693): CodeIgniter\Database\MySQLi\Connection->execute('SELECT *
FROM `testimonials`
WHERE `is_active` = 1
ORDER BY `position` ASC')
 2 SYSTEMPATH\Database\BaseConnection.php(607): CodeIgniter\Database\BaseConnection->simpleQuery('SELECT *
FROM `testimonials`
WHERE `is_active` = 1
ORDER BY `position` ASC')
 3 SYSTEMPATH\Database\BaseBuilder.php(1616): CodeIgniter\Database\BaseConnection->query('SELECT *
FROM `testimonials`
WHERE `is_active` = :is_active:
ORDER BY `position` ASC', [...], false)
 4 SYSTEMPATH\Model.php(243): CodeIgniter\Database\BaseBuilder->get()
 5 SYSTEMPATH\BaseModel.php(641): CodeIgniter\Model->doFindAll(0, 0)
 6 APPPATH\Models\TestimonialModel.php(29): CodeIgniter\BaseModel->findAll()
 7 APPPATH\Controllers\Home.php(26): App\Models\TestimonialModel->getActive()
 8 SYSTEMPATH\CodeIgniter.php(943): App\Controllers\Home->index()
 9 SYSTEMPATH\CodeIgniter.php(503): CodeIgniter\CodeIgniter->runController(Object(App\Controllers\Home))
10 SYSTEMPATH\CodeIgniter.php(361): CodeIgniter\CodeIgniter->handleRequest(null, Object(Config\Cache), false)
11 FCPATH\index.php(44): CodeIgniter\CodeIgniter->run()
CRITICAL - 2026-07-05 19:51:04 --> [Caused by] mysqli_sql_exception: Table 'ygbd.testimonials' doesn't exist
in SYSTEMPATH\Database\MySQLi\Connection.php on line 306.
 1 SYSTEMPATH\Database\MySQLi\Connection.php(306): mysqli->query('SELECT *
FROM `testimonials`
WHERE `is_active` = 1
ORDER BY `position` ASC', 0)
 2 SYSTEMPATH\Database\BaseConnection.php(693): CodeIgniter\Database\MySQLi\Connection->execute('SELECT *
FROM `testimonials`
WHERE `is_active` = 1
ORDER BY `position` ASC')
 3 SYSTEMPATH\Database\BaseConnection.php(607): CodeIgniter\Database\BaseConnection->simpleQuery('SELECT *
FROM `testimonials`
WHERE `is_active` = 1
ORDER BY `position` ASC')
 4 SYSTEMPATH\Database\BaseBuilder.php(1616): CodeIgniter\Database\BaseConnection->query('SELECT *
FROM `testimonials`
WHERE `is_active` = :is_active:
ORDER BY `position` ASC', [...], false)
 5 SYSTEMPATH\Model.php(243): CodeIgniter\Database\BaseBuilder->get()
 6 SYSTEMPATH\BaseModel.php(641): CodeIgniter\Model->doFindAll(0, 0)
 7 APPPATH\Models\TestimonialModel.php(29): CodeIgniter\BaseModel->findAll()
 8 APPPATH\Controllers\Home.php(26): App\Models\TestimonialModel->getActive()
 9 SYSTEMPATH\CodeIgniter.php(943): App\Controllers\Home->index()
10 SYSTEMPATH\CodeIgniter.php(503): CodeIgniter\CodeIgniter->runController(Object(App\Controllers\Home))
11 SYSTEMPATH\CodeIgniter.php(361): CodeIgniter\CodeIgniter->handleRequest(null, Object(Config\Cache), false)
12 FCPATH\index.php(44): CodeIgniter\CodeIgniter->run()
ERROR - 2026-07-05 19:51:17 --> mysqli_sql_exception: Table 'formations' already exists in C:\xampp1\htdocs\yesminegharbi\vendor\codeigniter4\framework\system\Database\MySQLi\Connection.php:306
Stack trace:
#0 C:\xampp1\htdocs\yesminegharbi\vendor\codeigniter4\framework\system\Database\MySQLi\Connection.php(306): mysqli->query('CREATE TABLE `f...', 0)
#1 C:\xampp1\htdocs\yesminegharbi\vendor\codeigniter4\framework\system\Database\BaseConnection.php(693): CodeIgniter\Database\MySQLi\Connection->execute('CREATE TABLE `f...')
#2 C:\xampp1\htdocs\yesminegharbi\vendor\codeigniter4\framework\system\Database\BaseConnection.php(607): CodeIgniter\Database\BaseConnection->simpleQuery('CREATE TABLE `f...')
#3 C:\xampp1\htdocs\yesminegharbi\vendor\codeigniter4\framework\system\Database\Forge.php(555): CodeIgniter\Database\BaseConnection->query('CREATE TABLE `f...')
#4 C:\xampp1\htdocs\yesminegharbi\app\Database\Migrations\2026-06-07-000001_CreateFormationsTable.php(30): CodeIgniter\Database\Forge->createTable('formations')
#5 C:\xampp1\htdocs\yesminegharbi\vendor\codeigniter4\framework\system\Database\MigrationRunner.php(865): App\Database\Migrations\CreateFormationsTable->up()
#6 C:\xampp1\htdocs\yesminegharbi\vendor\codeigniter4\framework\system\Database\MigrationRunner.php(181): CodeIgniter\Database\MigrationRunner->migrate('up', Object(stdClass))
#7 C:\xampp1\htdocs\yesminegharbi\vendor\codeigniter4\framework\system\Commands\Database\Migrate.php(84): CodeIgniter\Database\MigrationRunner->latest(NULL)
#8 C:\xampp1\htdocs\yesminegharbi\vendor\codeigniter4\framework\system\CLI\Commands.php(65): CodeIgniter\Commands\Database\Migrate->run(Array)
#9 C:\xampp1\htdocs\yesminegharbi\vendor\codeigniter4\framework\system\CLI\Console.php(46): CodeIgniter\CLI\Commands->run('migrate', Array)
#10 C:\xampp1\htdocs\yesminegharbi\spark(60): CodeIgniter\CLI\Console->run()
#11 {main}
INFO - 2026-07-05 19:51:39 --> Session: Class initialized using 'CodeIgniter\Session\Handlers\FileHandler' driver.
ERROR - 2026-07-05 19:51:39 --> mysqli_sql_exception: Table 'ygbd.testimonials' doesn't exist in C:\xampp1\htdocs\yesminegharbi\vendor\codeigniter4\framework\system\Database\MySQLi\Connection.php:306
Stack trace:
#0 C:\xampp1\htdocs\yesminegharbi\vendor\codeigniter4\framework\system\Database\MySQLi\Connection.php(306): mysqli->query('SELECT *\nFROM `...', 0)
#1 C:\xampp1\htdocs\yesminegharbi\vendor\codeigniter4\framework\system\Database\BaseConnection.php(693): CodeIgniter\Database\MySQLi\Connection->execute('SELECT *\nFROM `...')
#2 C:\xampp1\htdocs\yesminegharbi\vendor\codeigniter4\framework\system\Database\BaseConnection.php(607): CodeIgniter\Database\BaseConnection->simpleQuery('SELECT *\nFROM `...')
#3 C:\xampp1\htdocs\yesminegharbi\vendor\codeigniter4\framework\system\Database\BaseBuilder.php(1616): CodeIgniter\Database\BaseConnection->query('SELECT *\nFROM `...', Array, false)
#4 C:\xampp1\htdocs\yesminegharbi\vendor\codeigniter4\framework\system\Model.php(243): CodeIgniter\Database\BaseBuilder->get()
#5 C:\xampp1\htdocs\yesminegharbi\vendor\codeigniter4\framework\system\BaseModel.php(641): CodeIgniter\Model->doFindAll(0, 0)
#6 C:\xampp1\htdocs\yesminegharbi\app\Models\TestimonialModel.php(29): CodeIgniter\BaseModel->findAll()
#7 C:\xampp1\htdocs\yesminegharbi\app\Controllers\Home.php(26): App\Models\TestimonialModel->getActive()
#8 C:\xampp1\htdocs\yesminegharbi\vendor\codeigniter4\framework\system\CodeIgniter.php(943): App\Controllers\Home->index()
#9 C:\xampp1\htdocs\yesminegharbi\vendor\codeigniter4\framework\system\CodeIgniter.php(503): CodeIgniter\CodeIgniter->runController(Object(App\Controllers\Home))
#10 C:\xampp1\htdocs\yesminegharbi\vendor\codeigniter4\framework\system\CodeIgniter.php(361): CodeIgniter\CodeIgniter->handleRequest(NULL, Object(Config\Cache), false)
#11 C:\xampp1\htdocs\yesminegharbi\public\index.php(44): CodeIgniter\CodeIgniter->run()
#12 {main}
CRITICAL - 2026-07-05 19:51:39 --> CodeIgniter\Database\Exceptions\DatabaseException: Table 'ygbd.testimonials' doesn't exist
in SYSTEMPATH\Database\BaseConnection.php on line 647.
 1 SYSTEMPATH\Database\BaseBuilder.php(1616): CodeIgniter\Database\BaseConnection->query('SELECT *
FROM `testimonials`
WHERE `is_active` = :is_active:
ORDER BY `position` ASC', [...], false)
 2 SYSTEMPATH\Model.php(243): CodeIgniter\Database\BaseBuilder->get()
 3 SYSTEMPATH\BaseModel.php(641): CodeIgniter\Model->doFindAll(0, 0)
 4 APPPATH\Models\TestimonialModel.php(29): CodeIgniter\BaseModel->findAll()
 5 APPPATH\Controllers\Home.php(26): App\Models\TestimonialModel->getActive()
 6 SYSTEMPATH\CodeIgniter.php(943): App\Controllers\Home->index()
 7 SYSTEMPATH\CodeIgniter.php(503): CodeIgniter\CodeIgniter->runController(Object(App\Controllers\Home))
 8 SYSTEMPATH\CodeIgniter.php(361): CodeIgniter\CodeIgniter->handleRequest(null, Object(Config\Cache), false)
 9 FCPATH\index.php(44): CodeIgniter\CodeIgniter->run()
CRITICAL - 2026-07-05 19:51:39 --> [Caused by] CodeIgniter\Database\Exceptions\DatabaseException: Table 'ygbd.testimonials' doesn't exist
in SYSTEMPATH\Database\MySQLi\Connection.php on line 311.
 1 SYSTEMPATH\Database\BaseConnection.php(693): CodeIgniter\Database\MySQLi\Connection->execute('SELECT *
FROM `testimonials`
WHERE `is_active` = 1
ORDER BY `position` ASC')
 2 SYSTEMPATH\Database\BaseConnection.php(607): CodeIgniter\Database\BaseConnection->simpleQuery('SELECT *
FROM `testimonials`
WHERE `is_active` = 1
ORDER BY `position` ASC')
 3 SYSTEMPATH\Database\BaseBuilder.php(1616): CodeIgniter\Database\BaseConnection->query('SELECT *
FROM `testimonials`
WHERE `is_active` = :is_active:
ORDER BY `position` ASC', [...], false)
 4 SYSTEMPATH\Model.php(243): CodeIgniter\Database\BaseBuilder->get()
 5 SYSTEMPATH\BaseModel.php(641): CodeIgniter\Model->doFindAll(0, 0)
 6 APPPATH\Models\TestimonialModel.php(29): CodeIgniter\BaseModel->findAll()
 7 APPPATH\Controllers\Home.php(26): App\Models\TestimonialModel->getActive()
 8 SYSTEMPATH\CodeIgniter.php(943): App\Controllers\Home->index()
 9 SYSTEMPATH\CodeIgniter.php(503): CodeIgniter\CodeIgniter->runController(Object(App\Controllers\Home))
10 SYSTEMPATH\CodeIgniter.php(361): CodeIgniter\CodeIgniter->handleRequest(null, Object(Config\Cache), false)
11 FCPATH\index.php(44): CodeIgniter\CodeIgniter->run()
CRITICAL - 2026-07-05 19:51:39 --> [Caused by] mysqli_sql_exception: Table 'ygbd.testimonials' doesn't exist
in SYSTEMPATH\Database\MySQLi\Connection.php on line 306.
 1 SYSTEMPATH\Database\MySQLi\Connection.php(306): mysqli->query('SELECT *
FROM `testimonials`
WHERE `is_active` = 1
ORDER BY `position` ASC', 0)
 2 SYSTEMPATH\Database\BaseConnection.php(693): CodeIgniter\Database\MySQLi\Connection->execute('SELECT *
FROM `testimonials`
WHERE `is_active` = 1
ORDER BY `position` ASC')
 3 SYSTEMPATH\Database\BaseConnection.php(607): CodeIgniter\Database\BaseConnection->simpleQuery('SELECT *
FROM `testimonials`
WHERE `is_active` = 1
ORDER BY `position` ASC')
 4 SYSTEMPATH\Database\BaseBuilder.php(1616): CodeIgniter\Database\BaseConnection->query('SELECT *
FROM `testimonials`
WHERE `is_active` = :is_active:
ORDER BY `position` ASC', [...], false)
 5 SYSTEMPATH\Model.php(243): CodeIgniter\Database\BaseBuilder->get()
 6 SYSTEMPATH\BaseModel.php(641): CodeIgniter\Model->doFindAll(0, 0)
 7 APPPATH\Models\TestimonialModel.php(29): CodeIgniter\BaseModel->findAll()
 8 APPPATH\Controllers\Home.php(26): App\Models\TestimonialModel->getActive()
 9 SYSTEMPATH\CodeIgniter.php(943): App\Controllers\Home->index()
10 SYSTEMPATH\CodeIgniter.php(503): CodeIgniter\CodeIgniter->runController(Object(App\Controllers\Home))
11 SYSTEMPATH\CodeIgniter.php(361): CodeIgniter\CodeIgniter->handleRequest(null, Object(Config\Cache), false)
12 FCPATH\index.php(44): CodeIgniter\CodeIgniter->run()
ERROR - 2026-07-05 19:56:30 --> mysqli_sql_exception: Table 'formations' already exists in C:\xampp1\htdocs\yesminegharbi\vendor\codeigniter4\framework\system\Database\MySQLi\Connection.php:306
Stack trace:
#0 C:\xampp1\htdocs\yesminegharbi\vendor\codeigniter4\framework\system\Database\MySQLi\Connection.php(306): mysqli->query('CREATE TABLE `f...', 0)
#1 C:\xampp1\htdocs\yesminegharbi\vendor\codeigniter4\framework\system\Database\BaseConnection.php(693): CodeIgniter\Database\MySQLi\Connection->execute('CREATE TABLE `f...')
#2 C:\xampp1\htdocs\yesminegharbi\vendor\codeigniter4\framework\system\Database\BaseConnection.php(607): CodeIgniter\Database\BaseConnection->simpleQuery('CREATE TABLE `f...')
#3 C:\xampp1\htdocs\yesminegharbi\vendor\codeigniter4\framework\system\Database\Forge.php(555): CodeIgniter\Database\BaseConnection->query('CREATE TABLE `f...')
#4 C:\xampp1\htdocs\yesminegharbi\app\Database\Migrations\2026-06-07-000001_CreateFormationsTable.php(30): CodeIgniter\Database\Forge->createTable('formations')
#5 C:\xampp1\htdocs\yesminegharbi\vendor\codeigniter4\framework\system\Database\MigrationRunner.php(865): App\Database\Migrations\CreateFormationsTable->up()
#6 C:\xampp1\htdocs\yesminegharbi\vendor\codeigniter4\framework\system\Database\MigrationRunner.php(181): CodeIgniter\Database\MigrationRunner->migrate('up', Object(stdClass))
#7 C:\xampp1\htdocs\yesminegharbi\vendor\codeigniter4\framework\system\Commands\Database\Migrate.php(84): CodeIgniter\Database\MigrationRunner->latest(NULL)
#8 C:\xampp1\htdocs\yesminegharbi\vendor\codeigniter4\framework\system\CLI\Commands.php(65): CodeIgniter\Commands\Database\Migrate->run(Array)
#9 C:\xampp1\htdocs\yesminegharbi\vendor\codeigniter4\framework\system\CLI\Console.php(46): CodeIgniter\CLI\Commands->run('migrate', Array)
#10 C:\xampp1\htdocs\yesminegharbi\spark(60): CodeIgniter\CLI\Console->run()
#11 {main}
ERROR - 2026-07-05 19:58:20 --> mysqli_sql_exception: Table 'formations' already exists in C:\xampp1\htdocs\yesminegharbi\vendor\codeigniter4\framework\system\Database\MySQLi\Connection.php:306
Stack trace:
#0 C:\xampp1\htdocs\yesminegharbi\vendor\codeigniter4\framework\system\Database\MySQLi\Connection.php(306): mysqli->query('CREATE TABLE `f...', 0)
#1 C:\xampp1\htdocs\yesminegharbi\vendor\codeigniter4\framework\system\Database\BaseConnection.php(693): CodeIgniter\Database\MySQLi\Connection->execute('CREATE TABLE `f...')
#2 C:\xampp1\htdocs\yesminegharbi\vendor\codeigniter4\framework\system\Database\BaseConnection.php(607): CodeIgniter\Database\BaseConnection->simpleQuery('CREATE TABLE `f...')
#3 C:\xampp1\htdocs\yesminegharbi\vendor\codeigniter4\framework\system\Database\Forge.php(555): CodeIgniter\Database\BaseConnection->query('CREATE TABLE `f...')
#4 C:\xampp1\htdocs\yesminegharbi\app\Database\Migrations\2026-06-07-000001_CreateFormationsTable.php(30): CodeIgniter\Database\Forge->createTable('formations')
#5 C:\xampp1\htdocs\yesminegharbi\vendor\codeigniter4\framework\system\Database\MigrationRunner.php(865): App\Database\Migrations\CreateFormationsTable->up()
#6 C:\xampp1\htdocs\yesminegharbi\vendor\codeigniter4\framework\system\Database\MigrationRunner.php(181): CodeIgniter\Database\MigrationRunner->migrate('up', Object(stdClass))
#7 C:\xampp1\htdocs\yesminegharbi\vendor\codeigniter4\framework\system\Commands\Database\Migrate.php(84): CodeIgniter\Database\MigrationRunner->latest(NULL)
#8 C:\xampp1\htdocs\yesminegharbi\vendor\codeigniter4\framework\system\CLI\Commands.php(65): CodeIgniter\Commands\Database\Migrate->run(Array)
#9 C:\xampp1\htdocs\yesminegharbi\vendor\codeigniter4\framework\system\CLI\Console.php(46): CodeIgniter\CLI\Commands->run('migrate', Array)
#10 C:\xampp1\htdocs\yesminegharbi\spark(60): CodeIgniter\CLI\Console->run()
#11 {main}
ERROR - 2026-07-05 19:58:40 --> mysqli_sql_exception: Table 'formations' already exists in C:\xampp1\htdocs\yesminegharbi\vendor\codeigniter4\framework\system\Database\MySQLi\Connection.php:306
Stack trace:
#0 C:\xampp1\htdocs\yesminegharbi\vendor\codeigniter4\framework\system\Database\MySQLi\Connection.php(306): mysqli->query('CREATE TABLE `f...', 0)
#1 C:\xampp1\htdocs\yesminegharbi\vendor\codeigniter4\framework\system\Database\BaseConnection.php(693): CodeIgniter\Database\MySQLi\Connection->execute('CREATE TABLE `f...')
#2 C:\xampp1\htdocs\yesminegharbi\vendor\codeigniter4\framework\system\Database\BaseConnection.php(607): CodeIgniter\Database\BaseConnection->simpleQuery('CREATE TABLE `f...')
#3 C:\xampp1\htdocs\yesminegharbi\vendor\codeigniter4\framework\system\Database\Forge.php(555): CodeIgniter\Database\BaseConnection->query('CREATE TABLE `f...')
#4 C:\xampp1\htdocs\yesminegharbi\app\Database\Migrations\2026-06-07-000001_CreateFormationsTable.php(30): CodeIgniter\Database\Forge->createTable('formations')
#5 C:\xampp1\htdocs\yesminegharbi\vendor\codeigniter4\framework\system\Database\MigrationRunner.php(865): App\Database\Migrations\CreateFormationsTable->up()
#6 C:\xampp1\htdocs\yesminegharbi\vendor\codeigniter4\framework\system\Database\MigrationRunner.php(181): CodeIgniter\Database\MigrationRunner->migrate('up', Object(stdClass))
#7 C:\xampp1\htdocs\yesminegharbi\vendor\codeigniter4\framework\system\Commands\Database\Migrate.php(84): CodeIgniter\Database\MigrationRunner->latest(NULL)
#8 C:\xampp1\htdocs\yesminegharbi\vendor\codeigniter4\framework\system\CLI\Commands.php(65): CodeIgniter\Commands\Database\Migrate->run(Array)
#9 C:\xampp1\htdocs\yesminegharbi\vendor\codeigniter4\framework\system\CLI\Console.php(46): CodeIgniter\CLI\Commands->run('migrate', Array)
#10 C:\xampp1\htdocs\yesminegharbi\spark(60): CodeIgniter\CLI\Console->run()
#11 {main}
ERROR - 2026-07-05 20:12:46 --> mysqli_sql_exception: Table 'formations' already exists in C:\xampp1\htdocs\yesminegharbi\vendor\codeigniter4\framework\system\Database\MySQLi\Connection.php:306
Stack trace:
#0 C:\xampp1\htdocs\yesminegharbi\vendor\codeigniter4\framework\system\Database\MySQLi\Connection.php(306): mysqli->query('CREATE TABLE `f...', 0)
#1 C:\xampp1\htdocs\yesminegharbi\vendor\codeigniter4\framework\system\Database\BaseConnection.php(693): CodeIgniter\Database\MySQLi\Connection->execute('CREATE TABLE `f...')
#2 C:\xampp1\htdocs\yesminegharbi\vendor\codeigniter4\framework\system\Database\BaseConnection.php(607): CodeIgniter\Database\BaseConnection->simpleQuery('CREATE TABLE `f...')
#3 C:\xampp1\htdocs\yesminegharbi\vendor\codeigniter4\framework\system\Database\Forge.php(555): CodeIgniter\Database\BaseConnection->query('CREATE TABLE `f...')
#4 C:\xampp1\htdocs\yesminegharbi\app\Database\Migrations\2026-06-07-000001_CreateFormationsTable.php(30): CodeIgniter\Database\Forge->createTable('formations')
#5 C:\xampp1\htdocs\yesminegharbi\vendor\codeigniter4\framework\system\Database\MigrationRunner.php(865): App\Database\Migrations\CreateFormationsTable->up()
#6 C:\xampp1\htdocs\yesminegharbi\vendor\codeigniter4\framework\system\Database\MigrationRunner.php(181): CodeIgniter\Database\MigrationRunner->migrate('up', Object(stdClass))
#7 C:\xampp1\htdocs\yesminegharbi\vendor\codeigniter4\framework\system\Commands\Database\Migrate.php(84): CodeIgniter\Database\MigrationRunner->latest(NULL)
#8 C:\xampp1\htdocs\yesminegharbi\vendor\codeigniter4\framework\system\CLI\Commands.php(65): CodeIgniter\Commands\Database\Migrate->run(Array)
#9 C:\xampp1\htdocs\yesminegharbi\vendor\codeigniter4\framework\system\CLI\Console.php(46): CodeIgniter\CLI\Commands->run('migrate', Array)
#10 C:\xampp1\htdocs\yesminegharbi\spark(60): CodeIgniter\CLI\Console->run()
#11 {main}
ERROR - 2026-07-05 20:14:25 --> mysqli_sql_exception: Table 'formations' already exists in C:\xampp1\htdocs\yesminegharbi\vendor\codeigniter4\framework\system\Database\MySQLi\Connection.php:306
Stack trace:
#0 C:\xampp1\htdocs\yesminegharbi\vendor\codeigniter4\framework\system\Database\MySQLi\Connection.php(306): mysqli->query('CREATE TABLE `f...', 0)
#1 C:\xampp1\htdocs\yesminegharbi\vendor\codeigniter4\framework\system\Database\BaseConnection.php(693): CodeIgniter\Database\MySQLi\Connection->execute('CREATE TABLE `f...')
#2 C:\xampp1\htdocs\yesminegharbi\vendor\codeigniter4\framework\system\Database\BaseConnection.php(607): CodeIgniter\Database\BaseConnection->simpleQuery('CREATE TABLE `f...')
#3 C:\xampp1\htdocs\yesminegharbi\vendor\codeigniter4\framework\system\Database\Forge.php(555): CodeIgniter\Database\BaseConnection->query('CREATE TABLE `f...')
#4 C:\xampp1\htdocs\yesminegharbi\app\Database\Migrations\2026-06-07-000001_CreateFormationsTable.php(30): CodeIgniter\Database\Forge->createTable('formations')
#5 C:\xampp1\htdocs\yesminegharbi\vendor\codeigniter4\framework\system\Database\MigrationRunner.php(865): App\Database\Migrations\CreateFormationsTable->up()
#6 C:\xampp1\htdocs\yesminegharbi\vendor\codeigniter4\framework\system\Database\MigrationRunner.php(181): CodeIgniter\Database\MigrationRunner->migrate('up', Object(stdClass))
#7 C:\xampp1\htdocs\yesminegharbi\vendor\codeigniter4\framework\system\Commands\Database\Migrate.php(84): CodeIgniter\Database\MigrationRunner->latest(NULL)
#8 C:\xampp1\htdocs\yesminegharbi\vendor\codeigniter4\framework\system\CLI\Commands.php(65): CodeIgniter\Commands\Database\Migrate->run(Array)
#9 C:\xampp1\htdocs\yesminegharbi\vendor\codeigniter4\framework\system\CLI\Console.php(46): CodeIgniter\CLI\Commands->run('migrate', Array)
#10 C:\xampp1\htdocs\yesminegharbi\spark(60): CodeIgniter\CLI\Console->run()
#11 {main}
ERROR - 2026-07-05 20:14:50 --> mysqli_sql_exception: Table 'formations' already exists in C:\xampp1\htdocs\yesminegharbi\vendor\codeigniter4\framework\system\Database\MySQLi\Connection.php:306
Stack trace:
#0 C:\xampp1\htdocs\yesminegharbi\vendor\codeigniter4\framework\system\Database\MySQLi\Connection.php(306): mysqli->query('CREATE TABLE `f...', 0)
#1 C:\xampp1\htdocs\yesminegharbi\vendor\codeigniter4\framework\system\Database\BaseConnection.php(693): CodeIgniter\Database\MySQLi\Connection->execute('CREATE TABLE `f...')
#2 C:\xampp1\htdocs\yesminegharbi\vendor\codeigniter4\framework\system\Database\BaseConnection.php(607): CodeIgniter\Database\BaseConnection->simpleQuery('CREATE TABLE `f...')
#3 C:\xampp1\htdocs\yesminegharbi\vendor\codeigniter4\framework\system\Database\Forge.php(555): CodeIgniter\Database\BaseConnection->query('CREATE TABLE `f...')
#4 C:\xampp1\htdocs\yesminegharbi\app\Database\Migrations\2026-06-07-000001_CreateFormationsTable.php(30): CodeIgniter\Database\Forge->createTable('formations')
#5 C:\xampp1\htdocs\yesminegharbi\vendor\codeigniter4\framework\system\Database\MigrationRunner.php(865): App\Database\Migrations\CreateFormationsTable->up()
#6 C:\xampp1\htdocs\yesminegharbi\vendor\codeigniter4\framework\system\Database\MigrationRunner.php(181): CodeIgniter\Database\MigrationRunner->migrate('up', Object(stdClass))
#7 C:\xampp1\htdocs\yesminegharbi\vendor\codeigniter4\framework\system\Commands\Database\Migrate.php(84): CodeIgniter\Database\MigrationRunner->latest(NULL)
#8 C:\xampp1\htdocs\yesminegharbi\vendor\codeigniter4\framework\system\CLI\Commands.php(65): CodeIgniter\Commands\Database\Migrate->run(Array)
#9 C:\xampp1\htdocs\yesminegharbi\vendor\codeigniter4\framework\system\CLI\Console.php(46): CodeIgniter\CLI\Commands->run('migrate', Array)
#10 C:\xampp1\htdocs\yesminegharbi\spark(60): CodeIgniter\CLI\Console->run()
#11 {main}
ERROR - 2026-07-05 20:15:22 --> mysqli_sql_exception: Table 'formations' already exists in C:\xampp1\htdocs\yesminegharbi\vendor\codeigniter4\framework\system\Database\MySQLi\Connection.php:306
Stack trace:
#0 C:\xampp1\htdocs\yesminegharbi\vendor\codeigniter4\framework\system\Database\MySQLi\Connection.php(306): mysqli->query('CREATE TABLE `f...', 0)
#1 C:\xampp1\htdocs\yesminegharbi\vendor\codeigniter4\framework\system\Database\BaseConnection.php(693): CodeIgniter\Database\MySQLi\Connection->execute('CREATE TABLE `f...')
#2 C:\xampp1\htdocs\yesminegharbi\vendor\codeigniter4\framework\system\Database\BaseConnection.php(607): CodeIgniter\Database\BaseConnection->simpleQuery('CREATE TABLE `f...')
#3 C:\xampp1\htdocs\yesminegharbi\vendor\codeigniter4\framework\system\Database\Forge.php(555): CodeIgniter\Database\BaseConnection->query('CREATE TABLE `f...')
#4 C:\xampp1\htdocs\yesminegharbi\app\Database\Migrations\2026-06-07-000001_CreateFormationsTable.php(30): CodeIgniter\Database\Forge->createTable('formations')
#5 C:\xampp1\htdocs\yesminegharbi\vendor\codeigniter4\framework\system\Database\MigrationRunner.php(865): App\Database\Migrations\CreateFormationsTable->up()
#6 C:\xampp1\htdocs\yesminegharbi\vendor\codeigniter4\framework\system\Database\MigrationRunner.php(181): CodeIgniter\Database\MigrationRunner->migrate('up', Object(stdClass))
#7 C:\xampp1\htdocs\yesminegharbi\vendor\codeigniter4\framework\system\Commands\Database\Migrate.php(84): CodeIgniter\Database\MigrationRunner->latest(NULL)
#8 C:\xampp1\htdocs\yesminegharbi\vendor\codeigniter4\framework\system\CLI\Commands.php(65): CodeIgniter\Commands\Database\Migrate->run(Array)
#9 C:\xampp1\htdocs\yesminegharbi\vendor\codeigniter4\framework\system\CLI\Console.php(46): CodeIgniter\CLI\Commands->run('migrate', Array)
#10 C:\xampp1\htdocs\yesminegharbi\spark(60): CodeIgniter\CLI\Console->run()
#11 {main}
ERROR - 2026-07-05 20:17:31 --> mysqli_sql_exception: Table 'formations' already exists in C:\xampp1\htdocs\yesminegharbi\vendor\codeigniter4\framework\system\Database\MySQLi\Connection.php:306
Stack trace:
#0 C:\xampp1\htdocs\yesminegharbi\vendor\codeigniter4\framework\system\Database\MySQLi\Connection.php(306): mysqli->query('CREATE TABLE `f...', 0)
#1 C:\xampp1\htdocs\yesminegharbi\vendor\codeigniter4\framework\system\Database\BaseConnection.php(693): CodeIgniter\Database\MySQLi\Connection->execute('CREATE TABLE `f...')
#2 C:\xampp1\htdocs\yesminegharbi\vendor\codeigniter4\framework\system\Database\BaseConnection.php(607): CodeIgniter\Database\BaseConnection->simpleQuery('CREATE TABLE `f...')
#3 C:\xampp1\htdocs\yesminegharbi\vendor\codeigniter4\framework\system\Database\Forge.php(555): CodeIgniter\Database\BaseConnection->query('CREATE TABLE `f...')
#4 C:\xampp1\htdocs\yesminegharbi\app\Database\Migrations\2026-06-07-000001_CreateFormationsTable.php(30): CodeIgniter\Database\Forge->createTable('formations')
#5 C:\xampp1\htdocs\yesminegharbi\vendor\codeigniter4\framework\system\Database\MigrationRunner.php(865): App\Database\Migrations\CreateFormationsTable->up()
#6 C:\xampp1\htdocs\yesminegharbi\vendor\codeigniter4\framework\system\Database\MigrationRunner.php(181): CodeIgniter\Database\MigrationRunner->migrate('up', Object(stdClass))
#7 C:\xampp1\htdocs\yesminegharbi\vendor\codeigniter4\framework\system\Commands\Database\Migrate.php(84): CodeIgniter\Database\MigrationRunner->latest(NULL)
#8 C:\xampp1\htdocs\yesminegharbi\vendor\codeigniter4\framework\system\CLI\Commands.php(65): CodeIgniter\Commands\Database\Migrate->run(Array)
#9 C:\xampp1\htdocs\yesminegharbi\vendor\codeigniter4\framework\system\CLI\Console.php(46): CodeIgniter\CLI\Commands->run('migrate', Array)
#10 C:\xampp1\htdocs\yesminegharbi\spark(60): CodeIgniter\CLI\Console->run()
#11 {main}
ERROR - 2026-07-05 20:17:48 --> mysqli_sql_exception: Table 'formations' already exists in C:\xampp1\htdocs\yesminegharbi\vendor\codeigniter4\framework\system\Database\MySQLi\Connection.php:306
Stack trace:
#0 C:\xampp1\htdocs\yesminegharbi\vendor\codeigniter4\framework\system\Database\MySQLi\Connection.php(306): mysqli->query('CREATE TABLE `f...', 0)
#1 C:\xampp1\htdocs\yesminegharbi\vendor\codeigniter4\framework\system\Database\BaseConnection.php(693): CodeIgniter\Database\MySQLi\Connection->execute('CREATE TABLE `f...')
#2 C:\xampp1\htdocs\yesminegharbi\vendor\codeigniter4\framework\system\Database\BaseConnection.php(607): CodeIgniter\Database\BaseConnection->simpleQuery('CREATE TABLE `f...')
#3 C:\xampp1\htdocs\yesminegharbi\vendor\codeigniter4\framework\system\Database\Forge.php(555): CodeIgniter\Database\BaseConnection->query('CREATE TABLE `f...')
#4 C:\xampp1\htdocs\yesminegharbi\app\Database\Migrations\2026-06-07-000001_CreateFormationsTable.php(30): CodeIgniter\Database\Forge->createTable('formations')
#5 C:\xampp1\htdocs\yesminegharbi\vendor\codeigniter4\framework\system\Database\MigrationRunner.php(865): App\Database\Migrations\CreateFormationsTable->up()
#6 C:\xampp1\htdocs\yesminegharbi\vendor\codeigniter4\framework\system\Database\MigrationRunner.php(181): CodeIgniter\Database\MigrationRunner->migrate('up', Object(stdClass))
#7 C:\xampp1\htdocs\yesminegharbi\vendor\codeigniter4\framework\system\Commands\Database\Migrate.php(84): CodeIgniter\Database\MigrationRunner->latest(NULL)
#8 C:\xampp1\htdocs\yesminegharbi\vendor\codeigniter4\framework\system\CLI\Commands.php(65): CodeIgniter\Commands\Database\Migrate->run(Array)
#9 C:\xampp1\htdocs\yesminegharbi\vendor\codeigniter4\framework\system\CLI\Console.php(46): CodeIgniter\CLI\Commands->run('migrate', Array)
#10 C:\xampp1\htdocs\yesminegharbi\spark(60): CodeIgniter\CLI\Console->run()
#11 {main}
ERROR - 2026-07-05 20:18:40 --> mysqli_sql_exception: Table 'formations' already exists in C:\xampp1\htdocs\yesminegharbi\vendor\codeigniter4\framework\system\Database\MySQLi\Connection.php:306
Stack trace:
#0 C:\xampp1\htdocs\yesminegharbi\vendor\codeigniter4\framework\system\Database\MySQLi\Connection.php(306): mysqli->query('CREATE TABLE `f...', 0)
#1 C:\xampp1\htdocs\yesminegharbi\vendor\codeigniter4\framework\system\Database\BaseConnection.php(693): CodeIgniter\Database\MySQLi\Connection->execute('CREATE TABLE `f...')
#2 C:\xampp1\htdocs\yesminegharbi\vendor\codeigniter4\framework\system\Database\BaseConnection.php(607): CodeIgniter\Database\BaseConnection->simpleQuery('CREATE TABLE `f...')
#3 C:\xampp1\htdocs\yesminegharbi\vendor\codeigniter4\framework\system\Database\Forge.php(555): CodeIgniter\Database\BaseConnection->query('CREATE TABLE `f...')
#4 C:\xampp1\htdocs\yesminegharbi\app\Database\Migrations\2026-06-07-000001_CreateFormationsTable.php(30): CodeIgniter\Database\Forge->createTable('formations')
#5 C:\xampp1\htdocs\yesminegharbi\vendor\codeigniter4\framework\system\Database\MigrationRunner.php(865): App\Database\Migrations\CreateFormationsTable->up()
#6 C:\xampp1\htdocs\yesminegharbi\vendor\codeigniter4\framework\system\Database\MigrationRunner.php(181): CodeIgniter\Database\MigrationRunner->migrate('up', Object(stdClass))
#7 C:\xampp1\htdocs\yesminegharbi\vendor\codeigniter4\framework\system\Commands\Database\Migrate.php(84): CodeIgniter\Database\MigrationRunner->latest(NULL)
#8 C:\xampp1\htdocs\yesminegharbi\vendor\codeigniter4\framework\system\CLI\Commands.php(65): CodeIgniter\Commands\Database\Migrate->run(Array)
#9 C:\xampp1\htdocs\yesminegharbi\vendor\codeigniter4\framework\system\CLI\Console.php(46): CodeIgniter\CLI\Commands->run('migrate', Array)
#10 C:\xampp1\htdocs\yesminegharbi\spark(60): CodeIgniter\CLI\Console->run()
#11 {main}
ERROR - 2026-07-05 20:19:22 --> mysqli_sql_exception: Table 'formations' already exists in C:\xampp1\htdocs\yesminegharbi\vendor\codeigniter4\framework\system\Database\MySQLi\Connection.php:306
Stack trace:
#0 C:\xampp1\htdocs\yesminegharbi\vendor\codeigniter4\framework\system\Database\MySQLi\Connection.php(306): mysqli->query('CREATE TABLE `f...', 0)
#1 C:\xampp1\htdocs\yesminegharbi\vendor\codeigniter4\framework\system\Database\BaseConnection.php(693): CodeIgniter\Database\MySQLi\Connection->execute('CREATE TABLE `f...')
#2 C:\xampp1\htdocs\yesminegharbi\vendor\codeigniter4\framework\system\Database\BaseConnection.php(607): CodeIgniter\Database\BaseConnection->simpleQuery('CREATE TABLE `f...')
#3 C:\xampp1\htdocs\yesminegharbi\vendor\codeigniter4\framework\system\Database\Forge.php(555): CodeIgniter\Database\BaseConnection->query('CREATE TABLE `f...')
#4 C:\xampp1\htdocs\yesminegharbi\app\Database\Migrations\2026-06-07-000001_CreateFormationsTable.php(30): CodeIgniter\Database\Forge->createTable('formations')
#5 C:\xampp1\htdocs\yesminegharbi\vendor\codeigniter4\framework\system\Database\MigrationRunner.php(865): App\Database\Migrations\CreateFormationsTable->up()
#6 C:\xampp1\htdocs\yesminegharbi\vendor\codeigniter4\framework\system\Database\MigrationRunner.php(181): CodeIgniter\Database\MigrationRunner->migrate('up', Object(stdClass))
#7 C:\xampp1\htdocs\yesminegharbi\vendor\codeigniter4\framework\system\Commands\Database\Migrate.php(84): CodeIgniter\Database\MigrationRunner->latest(NULL)
#8 C:\xampp1\htdocs\yesminegharbi\vendor\codeigniter4\framework\system\CLI\Commands.php(65): CodeIgniter\Commands\Database\Migrate->run(Array)
#9 C:\xampp1\htdocs\yesminegharbi\vendor\codeigniter4\framework\system\CLI\Console.php(46): CodeIgniter\CLI\Commands->run('migrate', Array)
#10 C:\xampp1\htdocs\yesminegharbi\spark(60): CodeIgniter\CLI\Console->run()
#11 {main}
INFO - 2026-07-05 20:28:04 --> Session: Class initialized using 'CodeIgniter\Session\Handlers\FileHandler' driver.
ERROR - 2026-07-05 20:28:06 --> mysqli_sql_exception: Table 'ygbd.testimonials' doesn't exist in C:\xampp1\htdocs\yesminegharbi\vendor\codeigniter4\framework\system\Database\MySQLi\Connection.php:306
Stack trace:
#0 C:\xampp1\htdocs\yesminegharbi\vendor\codeigniter4\framework\system\Database\MySQLi\Connection.php(306): mysqli->query('SELECT *\nFROM `...', 0)
#1 C:\xampp1\htdocs\yesminegharbi\vendor\codeigniter4\framework\system\Database\BaseConnection.php(693): CodeIgniter\Database\MySQLi\Connection->execute('SELECT *\nFROM `...')
#2 C:\xampp1\htdocs\yesminegharbi\vendor\codeigniter4\framework\system\Database\BaseConnection.php(607): CodeIgniter\Database\BaseConnection->simpleQuery('SELECT *\nFROM `...')
#3 C:\xampp1\htdocs\yesminegharbi\vendor\codeigniter4\framework\system\Database\BaseBuilder.php(1616): CodeIgniter\Database\BaseConnection->query('SELECT *\nFROM `...', Array, false)
#4 C:\xampp1\htdocs\yesminegharbi\vendor\codeigniter4\framework\system\Model.php(243): CodeIgniter\Database\BaseBuilder->get()
#5 C:\xampp1\htdocs\yesminegharbi\vendor\codeigniter4\framework\system\BaseModel.php(641): CodeIgniter\Model->doFindAll(0, 0)
#6 C:\xampp1\htdocs\yesminegharbi\app\Models\TestimonialModel.php(29): CodeIgniter\BaseModel->findAll()
#7 C:\xampp1\htdocs\yesminegharbi\app\Controllers\Home.php(26): App\Models\TestimonialModel->getActive()
#8 C:\xampp1\htdocs\yesminegharbi\vendor\codeigniter4\framework\system\CodeIgniter.php(943): App\Controllers\Home->index()
#9 C:\xampp1\htdocs\yesminegharbi\vendor\codeigniter4\framework\system\CodeIgniter.php(503): CodeIgniter\CodeIgniter->runController(Object(App\Controllers\Home))
#10 C:\xampp1\htdocs\yesminegharbi\vendor\codeigniter4\framework\system\CodeIgniter.php(361): CodeIgniter\CodeIgniter->handleRequest(NULL, Object(Config\Cache), false)
#11 C:\xampp1\htdocs\yesminegharbi\public\index.php(44): CodeIgniter\CodeIgniter->run()
#12 {main}
CRITICAL - 2026-07-05 20:28:06 --> CodeIgniter\Database\Exceptions\DatabaseException: Table 'ygbd.testimonials' doesn't exist
in SYSTEMPATH\Database\BaseConnection.php on line 647.
 1 SYSTEMPATH\Database\BaseBuilder.php(1616): CodeIgniter\Database\BaseConnection->query('SELECT *
FROM `testimonials`
WHERE `is_active` = :is_active:
ORDER BY `position` ASC', [...], false)
 2 SYSTEMPATH\Model.php(243): CodeIgniter\Database\BaseBuilder->get()
 3 SYSTEMPATH\BaseModel.php(641): CodeIgniter\Model->doFindAll(0, 0)
 4 APPPATH\Models\TestimonialModel.php(29): CodeIgniter\BaseModel->findAll()
 5 APPPATH\Controllers\Home.php(26): App\Models\TestimonialModel->getActive()
 6 SYSTEMPATH\CodeIgniter.php(943): App\Controllers\Home->index()
 7 SYSTEMPATH\CodeIgniter.php(503): CodeIgniter\CodeIgniter->runController(Object(App\Controllers\Home))
 8 SYSTEMPATH\CodeIgniter.php(361): CodeIgniter\CodeIgniter->handleRequest(null, Object(Config\Cache), false)
 9 FCPATH\index.php(44): CodeIgniter\CodeIgniter->run()
CRITICAL - 2026-07-05 20:28:06 --> [Caused by] CodeIgniter\Database\Exceptions\DatabaseException: Table 'ygbd.testimonials' doesn't exist
in SYSTEMPATH\Database\MySQLi\Connection.php on line 311.
 1 SYSTEMPATH\Database\BaseConnection.php(693): CodeIgniter\Database\MySQLi\Connection->execute('SELECT *
FROM `testimonials`
WHERE `is_active` = 1
ORDER BY `position` ASC')
 2 SYSTEMPATH\Database\BaseConnection.php(607): CodeIgniter\Database\BaseConnection->simpleQuery('SELECT *
FROM `testimonials`
WHERE `is_active` = 1
ORDER BY `position` ASC')
 3 SYSTEMPATH\Database\BaseBuilder.php(1616): CodeIgniter\Database\BaseConnection->query('SELECT *
FROM `testimonials`
WHERE `is_active` = :is_active:
ORDER BY `position` ASC', [...], false)
 4 SYSTEMPATH\Model.php(243): CodeIgniter\Database\BaseBuilder->get()
 5 SYSTEMPATH\BaseModel.php(641): CodeIgniter\Model->doFindAll(0, 0)
 6 APPPATH\Models\TestimonialModel.php(29): CodeIgniter\BaseModel->findAll()
 7 APPPATH\Controllers\Home.php(26): App\Models\TestimonialModel->getActive()
 8 SYSTEMPATH\CodeIgniter.php(943): App\Controllers\Home->index()
 9 SYSTEMPATH\CodeIgniter.php(503): CodeIgniter\CodeIgniter->runController(Object(App\Controllers\Home))
10 SYSTEMPATH\CodeIgniter.php(361): CodeIgniter\CodeIgniter->handleRequest(null, Object(Config\Cache), false)
11 FCPATH\index.php(44): CodeIgniter\CodeIgniter->run()
CRITICAL - 2026-07-05 20:28:06 --> [Caused by] mysqli_sql_exception: Table 'ygbd.testimonials' doesn't exist
in SYSTEMPATH\Database\MySQLi\Connection.php on line 306.
 1 SYSTEMPATH\Database\MySQLi\Connection.php(306): mysqli->query('SELECT *
FROM `testimonials`
WHERE `is_active` = 1
ORDER BY `position` ASC', 0)
 2 SYSTEMPATH\Database\BaseConnection.php(693): CodeIgniter\Database\MySQLi\Connection->execute('SELECT *
FROM `testimonials`
WHERE `is_active` = 1
ORDER BY `position` ASC')
 3 SYSTEMPATH\Database\BaseConnection.php(607): CodeIgniter\Database\BaseConnection->simpleQuery('SELECT *
FROM `testimonials`
WHERE `is_active` = 1
ORDER BY `position` ASC')
 4 SYSTEMPATH\Database\BaseBuilder.php(1616): CodeIgniter\Database\BaseConnection->query('SELECT *
FROM `testimonials`
WHERE `is_active` = :is_active:
ORDER BY `position` ASC', [...], false)
 5 SYSTEMPATH\Model.php(243): CodeIgniter\Database\BaseBuilder->get()
 6 SYSTEMPATH\BaseModel.php(641): CodeIgniter\Model->doFindAll(0, 0)
 7 APPPATH\Models\TestimonialModel.php(29): CodeIgniter\BaseModel->findAll()
 8 APPPATH\Controllers\Home.php(26): App\Models\TestimonialModel->getActive()
 9 SYSTEMPATH\CodeIgniter.php(943): App\Controllers\Home->index()
10 SYSTEMPATH\CodeIgniter.php(503): CodeIgniter\CodeIgniter->runController(Object(App\Controllers\Home))
11 SYSTEMPATH\CodeIgniter.php(361): CodeIgniter\CodeIgniter->handleRequest(null, Object(Config\Cache), false)
12 FCPATH\index.php(44): CodeIgniter\CodeIgniter->run()
INFO - 2026-07-05 20:28:06 --> Session: Class initialized using 'CodeIgniter\Session\Handlers\FileHandler' driver.
ERROR - 2026-07-05 20:28:06 --> mysqli_sql_exception: Table 'ygbd.testimonials' doesn't exist in C:\xampp1\htdocs\yesminegharbi\vendor\codeigniter4\framework\system\Database\MySQLi\Connection.php:306
Stack trace:
#0 C:\xampp1\htdocs\yesminegharbi\vendor\codeigniter4\framework\system\Database\MySQLi\Connection.php(306): mysqli->query('SELECT *\nFROM `...', 0)
#1 C:\xampp1\htdocs\yesminegharbi\vendor\codeigniter4\framework\system\Database\BaseConnection.php(693): CodeIgniter\Database\MySQLi\Connection->execute('SELECT *\nFROM `...')
#2 C:\xampp1\htdocs\yesminegharbi\vendor\codeigniter4\framework\system\Database\BaseConnection.php(607): CodeIgniter\Database\BaseConnection->simpleQuery('SELECT *\nFROM `...')
#3 C:\xampp1\htdocs\yesminegharbi\vendor\codeigniter4\framework\system\Database\BaseBuilder.php(1616): CodeIgniter\Database\BaseConnection->query('SELECT *\nFROM `...', Array, false)
#4 C:\xampp1\htdocs\yesminegharbi\vendor\codeigniter4\framework\system\Model.php(243): CodeIgniter\Database\BaseBuilder->get()
#5 C:\xampp1\htdocs\yesminegharbi\vendor\codeigniter4\framework\system\BaseModel.php(641): CodeIgniter\Model->doFindAll(0, 0)
#6 C:\xampp1\htdocs\yesminegharbi\app\Models\TestimonialModel.php(29): CodeIgniter\BaseModel->findAll()
#7 C:\xampp1\htdocs\yesminegharbi\app\Controllers\Home.php(26): App\Models\TestimonialModel->getActive()
#8 C:\xampp1\htdocs\yesminegharbi\vendor\codeigniter4\framework\system\CodeIgniter.php(943): App\Controllers\Home->index()
#9 C:\xampp1\htdocs\yesminegharbi\vendor\codeigniter4\framework\system\CodeIgniter.php(503): CodeIgniter\CodeIgniter->runController(Object(App\Controllers\Home))
#10 C:\xampp1\htdocs\yesminegharbi\vendor\codeigniter4\framework\system\CodeIgniter.php(361): CodeIgniter\CodeIgniter->handleRequest(NULL, Object(Config\Cache), false)
#11 C:\xampp1\htdocs\yesminegharbi\public\index.php(44): CodeIgniter\CodeIgniter->run()
#12 {main}
CRITICAL - 2026-07-05 20:28:07 --> CodeIgniter\Database\Exceptions\DatabaseException: Table 'ygbd.testimonials' doesn't exist
in SYSTEMPATH\Database\BaseConnection.php on line 647.
 1 SYSTEMPATH\Database\BaseBuilder.php(1616): CodeIgniter\Database\BaseConnection->query('SELECT *
FROM `testimonials`
WHERE `is_active` = :is_active:
ORDER BY `position` ASC', [...], false)
 2 SYSTEMPATH\Model.php(243): CodeIgniter\Database\BaseBuilder->get()
 3 SYSTEMPATH\BaseModel.php(641): CodeIgniter\Model->doFindAll(0, 0)
 4 APPPATH\Models\TestimonialModel.php(29): CodeIgniter\BaseModel->findAll()
 5 APPPATH\Controllers\Home.php(26): App\Models\TestimonialModel->getActive()
 6 SYSTEMPATH\CodeIgniter.php(943): App\Controllers\Home->index()
 7 SYSTEMPATH\CodeIgniter.php(503): CodeIgniter\CodeIgniter->runController(Object(App\Controllers\Home))
 8 SYSTEMPATH\CodeIgniter.php(361): CodeIgniter\CodeIgniter->handleRequest(null, Object(Config\Cache), false)
 9 FCPATH\index.php(44): CodeIgniter\CodeIgniter->run()
CRITICAL - 2026-07-05 20:28:07 --> [Caused by] CodeIgniter\Database\Exceptions\DatabaseException: Table 'ygbd.testimonials' doesn't exist
in SYSTEMPATH\Database\MySQLi\Connection.php on line 311.
 1 SYSTEMPATH\Database\BaseConnection.php(693): CodeIgniter\Database\MySQLi\Connection->execute('SELECT *
FROM `testimonials`
WHERE `is_active` = 1
ORDER BY `position` ASC')
 2 SYSTEMPATH\Database\BaseConnection.php(607): CodeIgniter\Database\BaseConnection->simpleQuery('SELECT *
FROM `testimonials`
WHERE `is_active` = 1
ORDER BY `position` ASC')
 3 SYSTEMPATH\Database\BaseBuilder.php(1616): CodeIgniter\Database\BaseConnection->query('SELECT *
FROM `testimonials`
WHERE `is_active` = :is_active:
ORDER BY `position` ASC', [...], false)
 4 SYSTEMPATH\Model.php(243): CodeIgniter\Database\BaseBuilder->get()
 5 SYSTEMPATH\BaseModel.php(641): CodeIgniter\Model->doFindAll(0, 0)
 6 APPPATH\Models\TestimonialModel.php(29): CodeIgniter\BaseModel->findAll()
 7 APPPATH\Controllers\Home.php(26): App\Models\TestimonialModel->getActive()
 8 SYSTEMPATH\CodeIgniter.php(943): App\Controllers\Home->index()
 9 SYSTEMPATH\CodeIgniter.php(503): CodeIgniter\CodeIgniter->runController(Object(App\Controllers\Home))
10 SYSTEMPATH\CodeIgniter.php(361): CodeIgniter\CodeIgniter->handleRequest(null, Object(Config\Cache), false)
11 FCPATH\index.php(44): CodeIgniter\CodeIgniter->run()
CRITICAL - 2026-07-05 20:28:07 --> [Caused by] mysqli_sql_exception: Table 'ygbd.testimonials' doesn't exist
in SYSTEMPATH\Database\MySQLi\Connection.php on line 306.
 1 SYSTEMPATH\Database\MySQLi\Connection.php(306): mysqli->query('SELECT *
FROM `testimonials`
WHERE `is_active` = 1
ORDER BY `position` ASC', 0)
 2 SYSTEMPATH\Database\BaseConnection.php(693): CodeIgniter\Database\MySQLi\Connection->execute('SELECT *
FROM `testimonials`
WHERE `is_active` = 1
ORDER BY `position` ASC')
 3 SYSTEMPATH\Database\BaseConnection.php(607): CodeIgniter\Database\BaseConnection->simpleQuery('SELECT *
FROM `testimonials`
WHERE `is_active` = 1
ORDER BY `position` ASC')
 4 SYSTEMPATH\Database\BaseBuilder.php(1616): CodeIgniter\Database\BaseConnection->query('SELECT *
FROM `testimonials`
WHERE `is_active` = :is_active:
ORDER BY `position` ASC', [...], false)
 5 SYSTEMPATH\Model.php(243): CodeIgniter\Database\BaseBuilder->get()
 6 SYSTEMPATH\BaseModel.php(641): CodeIgniter\Model->doFindAll(0, 0)
 7 APPPATH\Models\TestimonialModel.php(29): CodeIgniter\BaseModel->findAll()
 8 APPPATH\Controllers\Home.php(26): App\Models\TestimonialModel->getActive()
 9 SYSTEMPATH\CodeIgniter.php(943): App\Controllers\Home->index()
10 SYSTEMPATH\CodeIgniter.php(503): CodeIgniter\CodeIgniter->runController(Object(App\Controllers\Home))
11 SYSTEMPATH\CodeIgniter.php(361): CodeIgniter\CodeIgniter->handleRequest(null, Object(Config\Cache), false)
12 FCPATH\index.php(44): CodeIgniter\CodeIgniter->run()
INFO - 2026-07-05 20:28:45 --> Session: Class initialized using 'CodeIgniter\Session\Handlers\FileHandler' driver.
ERROR - 2026-07-05 20:28:45 --> mysqli_sql_exception: Unknown column 'position' in 'order clause' in C:\xampp1\htdocs\yesminegharbi\vendor\codeigniter4\framework\system\Database\MySQLi\Connection.php:306
Stack trace:
#0 C:\xampp1\htdocs\yesminegharbi\vendor\codeigniter4\framework\system\Database\MySQLi\Connection.php(306): mysqli->query('SELECT *\nFROM `...', 0)
#1 C:\xampp1\htdocs\yesminegharbi\vendor\codeigniter4\framework\system\Database\BaseConnection.php(693): CodeIgniter\Database\MySQLi\Connection->execute('SELECT *\nFROM `...')
#2 C:\xampp1\htdocs\yesminegharbi\vendor\codeigniter4\framework\system\Database\BaseConnection.php(607): CodeIgniter\Database\BaseConnection->simpleQuery('SELECT *\nFROM `...')
#3 C:\xampp1\htdocs\yesminegharbi\vendor\codeigniter4\framework\system\Database\BaseBuilder.php(1616): CodeIgniter\Database\BaseConnection->query('SELECT *\nFROM `...', Array, false)
#4 C:\xampp1\htdocs\yesminegharbi\vendor\codeigniter4\framework\system\Model.php(243): CodeIgniter\Database\BaseBuilder->get()
#5 C:\xampp1\htdocs\yesminegharbi\vendor\codeigniter4\framework\system\BaseModel.php(641): CodeIgniter\Model->doFindAll(0, 0)
#6 C:\xampp1\htdocs\yesminegharbi\app\Models\TestimonialModel.php(29): CodeIgniter\BaseModel->findAll()
#7 C:\xampp1\htdocs\yesminegharbi\app\Controllers\Home.php(26): App\Models\TestimonialModel->getActive()
#8 C:\xampp1\htdocs\yesminegharbi\vendor\codeigniter4\framework\system\CodeIgniter.php(943): App\Controllers\Home->index()
#9 C:\xampp1\htdocs\yesminegharbi\vendor\codeigniter4\framework\system\CodeIgniter.php(503): CodeIgniter\CodeIgniter->runController(Object(App\Controllers\Home))
#10 C:\xampp1\htdocs\yesminegharbi\vendor\codeigniter4\framework\system\CodeIgniter.php(361): CodeIgniter\CodeIgniter->handleRequest(NULL, Object(Config\Cache), false)
#11 C:\xampp1\htdocs\yesminegharbi\public\index.php(44): CodeIgniter\CodeIgniter->run()
#12 {main}
CRITICAL - 2026-07-05 20:28:45 --> CodeIgniter\Database\Exceptions\DatabaseException: Unknown column 'position' in 'order clause'
in SYSTEMPATH\Database\BaseConnection.php on line 647.
 1 SYSTEMPATH\Database\BaseBuilder.php(1616): CodeIgniter\Database\BaseConnection->query('SELECT *
FROM `testimonials`
WHERE `is_active` = :is_active:
ORDER BY `position` ASC', [...], false)
 2 SYSTEMPATH\Model.php(243): CodeIgniter\Database\BaseBuilder->get()
 3 SYSTEMPATH\BaseModel.php(641): CodeIgniter\Model->doFindAll(0, 0)
 4 APPPATH\Models\TestimonialModel.php(29): CodeIgniter\BaseModel->findAll()
 5 APPPATH\Controllers\Home.php(26): App\Models\TestimonialModel->getActive()
 6 SYSTEMPATH\CodeIgniter.php(943): App\Controllers\Home->index()
 7 SYSTEMPATH\CodeIgniter.php(503): CodeIgniter\CodeIgniter->runController(Object(App\Controllers\Home))
 8 SYSTEMPATH\CodeIgniter.php(361): CodeIgniter\CodeIgniter->handleRequest(null, Object(Config\Cache), false)
 9 FCPATH\index.php(44): CodeIgniter\CodeIgniter->run()
CRITICAL - 2026-07-05 20:28:45 --> [Caused by] CodeIgniter\Database\Exceptions\DatabaseException: Unknown column 'position' in 'order clause'
in SYSTEMPATH\Database\MySQLi\Connection.php on line 311.
 1 SYSTEMPATH\Database\BaseConnection.php(693): CodeIgniter\Database\MySQLi\Connection->execute('SELECT *
FROM `testimonials`
WHERE `is_active` = 1
ORDER BY `position` ASC')
 2 SYSTEMPATH\Database\BaseConnection.php(607): CodeIgniter\Database\BaseConnection->simpleQuery('SELECT *
FROM `testimonials`
WHERE `is_active` = 1
ORDER BY `position` ASC')
 3 SYSTEMPATH\Database\BaseBuilder.php(1616): CodeIgniter\Database\BaseConnection->query('SELECT *
FROM `testimonials`
WHERE `is_active` = :is_active:
ORDER BY `position` ASC', [...], false)
 4 SYSTEMPATH\Model.php(243): CodeIgniter\Database\BaseBuilder->get()
 5 SYSTEMPATH\BaseModel.php(641): CodeIgniter\Model->doFindAll(0, 0)
 6 APPPATH\Models\TestimonialModel.php(29): CodeIgniter\BaseModel->findAll()
 7 APPPATH\Controllers\Home.php(26): App\Models\TestimonialModel->getActive()
 8 SYSTEMPATH\CodeIgniter.php(943): App\Controllers\Home->index()
 9 SYSTEMPATH\CodeIgniter.php(503): CodeIgniter\CodeIgniter->runController(Object(App\Controllers\Home))
10 SYSTEMPATH\CodeIgniter.php(361): CodeIgniter\CodeIgniter->handleRequest(null, Object(Config\Cache), false)
11 FCPATH\index.php(44): CodeIgniter\CodeIgniter->run()
CRITICAL - 2026-07-05 20:28:45 --> [Caused by] mysqli_sql_exception: Unknown column 'position' in 'order clause'
in SYSTEMPATH\Database\MySQLi\Connection.php on line 306.
 1 SYSTEMPATH\Database\MySQLi\Connection.php(306): mysqli->query('SELECT *
FROM `testimonials`
WHERE `is_active` = 1
ORDER BY `position` ASC', 0)
 2 SYSTEMPATH\Database\BaseConnection.php(693): CodeIgniter\Database\MySQLi\Connection->execute('SELECT *
FROM `testimonials`
WHERE `is_active` = 1
ORDER BY `position` ASC')
 3 SYSTEMPATH\Database\BaseConnection.php(607): CodeIgniter\Database\BaseConnection->simpleQuery('SELECT *
FROM `testimonials`
WHERE `is_active` = 1
ORDER BY `position` ASC')
 4 SYSTEMPATH\Database\BaseBuilder.php(1616): CodeIgniter\Database\BaseConnection->query('SELECT *
FROM `testimonials`
WHERE `is_active` = :is_active:
ORDER BY `position` ASC', [...], false)
 5 SYSTEMPATH\Model.php(243): CodeIgniter\Database\BaseBuilder->get()
 6 SYSTEMPATH\BaseModel.php(641): CodeIgniter\Model->doFindAll(0, 0)
 7 APPPATH\Models\TestimonialModel.php(29): CodeIgniter\BaseModel->findAll()
 8 APPPATH\Controllers\Home.php(26): App\Models\TestimonialModel->getActive()
 9 SYSTEMPATH\CodeIgniter.php(943): App\Controllers\Home->index()
10 SYSTEMPATH\CodeIgniter.php(503): CodeIgniter\CodeIgniter->runController(Object(App\Controllers\Home))
11 SYSTEMPATH\CodeIgniter.php(361): CodeIgniter\CodeIgniter->handleRequest(null, Object(Config\Cache), false)
12 FCPATH\index.php(44): CodeIgniter\CodeIgniter->run()
INFO - 2026-07-05 20:28:48 --> Session: Class initialized using 'CodeIgniter\Session\Handlers\FileHandler' driver.
ERROR - 2026-07-05 20:28:48 --> mysqli_sql_exception: Unknown column 'position' in 'order clause' in C:\xampp1\htdocs\yesminegharbi\vendor\codeigniter4\framework\system\Database\MySQLi\Connection.php:306
Stack trace:
#0 C:\xampp1\htdocs\yesminegharbi\vendor\codeigniter4\framework\system\Database\MySQLi\Connection.php(306): mysqli->query('SELECT *\nFROM `...', 0)
#1 C:\xampp1\htdocs\yesminegharbi\vendor\codeigniter4\framework\system\Database\BaseConnection.php(693): CodeIgniter\Database\MySQLi\Connection->execute('SELECT *\nFROM `...')
#2 C:\xampp1\htdocs\yesminegharbi\vendor\codeigniter4\framework\system\Database\BaseConnection.php(607): CodeIgniter\Database\BaseConnection->simpleQuery('SELECT *\nFROM `...')
#3 C:\xampp1\htdocs\yesminegharbi\vendor\codeigniter4\framework\system\Database\BaseBuilder.php(1616): CodeIgniter\Database\BaseConnection->query('SELECT *\nFROM `...', Array, false)
#4 C:\xampp1\htdocs\yesminegharbi\vendor\codeigniter4\framework\system\Model.php(243): CodeIgniter\Database\BaseBuilder->get()
#5 C:\xampp1\htdocs\yesminegharbi\vendor\codeigniter4\framework\system\BaseModel.php(641): CodeIgniter\Model->doFindAll(0, 0)
#6 C:\xampp1\htdocs\yesminegharbi\app\Models\TestimonialModel.php(29): CodeIgniter\BaseModel->findAll()
#7 C:\xampp1\htdocs\yesminegharbi\app\Controllers\Home.php(26): App\Models\TestimonialModel->getActive()
#8 C:\xampp1\htdocs\yesminegharbi\vendor\codeigniter4\framework\system\CodeIgniter.php(943): App\Controllers\Home->index()
#9 C:\xampp1\htdocs\yesminegharbi\vendor\codeigniter4\framework\system\CodeIgniter.php(503): CodeIgniter\CodeIgniter->runController(Object(App\Controllers\Home))
#10 C:\xampp1\htdocs\yesminegharbi\vendor\codeigniter4\framework\system\CodeIgniter.php(361): CodeIgniter\CodeIgniter->handleRequest(NULL, Object(Config\Cache), false)
#11 C:\xampp1\htdocs\yesminegharbi\public\index.php(44): CodeIgniter\CodeIgniter->run()
#12 {main}
CRITICAL - 2026-07-05 20:28:48 --> CodeIgniter\Database\Exceptions\DatabaseException: Unknown column 'position' in 'order clause'
in SYSTEMPATH\Database\BaseConnection.php on line 647.
 1 SYSTEMPATH\Database\BaseBuilder.php(1616): CodeIgniter\Database\BaseConnection->query('SELECT *
FROM `testimonials`
WHERE `is_active` = :is_active:
ORDER BY `position` ASC', [...], false)
 2 SYSTEMPATH\Model.php(243): CodeIgniter\Database\BaseBuilder->get()
 3 SYSTEMPATH\BaseModel.php(641): CodeIgniter\Model->doFindAll(0, 0)
 4 APPPATH\Models\TestimonialModel.php(29): CodeIgniter\BaseModel->findAll()
 5 APPPATH\Controllers\Home.php(26): App\Models\TestimonialModel->getActive()
 6 SYSTEMPATH\CodeIgniter.php(943): App\Controllers\Home->index()
 7 SYSTEMPATH\CodeIgniter.php(503): CodeIgniter\CodeIgniter->runController(Object(App\Controllers\Home))
 8 SYSTEMPATH\CodeIgniter.php(361): CodeIgniter\CodeIgniter->handleRequest(null, Object(Config\Cache), false)
 9 FCPATH\index.php(44): CodeIgniter\CodeIgniter->run()
CRITICAL - 2026-07-05 20:28:48 --> [Caused by] CodeIgniter\Database\Exceptions\DatabaseException: Unknown column 'position' in 'order clause'
in SYSTEMPATH\Database\MySQLi\Connection.php on line 311.
 1 SYSTEMPATH\Database\BaseConnection.php(693): CodeIgniter\Database\MySQLi\Connection->execute('SELECT *
FROM `testimonials`
WHERE `is_active` = 1
ORDER BY `position` ASC')
 2 SYSTEMPATH\Database\BaseConnection.php(607): CodeIgniter\Database\BaseConnection->simpleQuery('SELECT *
FROM `testimonials`
WHERE `is_active` = 1
ORDER BY `position` ASC')
 3 SYSTEMPATH\Database\BaseBuilder.php(1616): CodeIgniter\Database\BaseConnection->query('SELECT *
FROM `testimonials`
WHERE `is_active` = :is_active:
ORDER BY `position` ASC', [...], false)
 4 SYSTEMPATH\Model.php(243): CodeIgniter\Database\BaseBuilder->get()
 5 SYSTEMPATH\BaseModel.php(641): CodeIgniter\Model->doFindAll(0, 0)
 6 APPPATH\Models\TestimonialModel.php(29): CodeIgniter\BaseModel->findAll()
 7 APPPATH\Controllers\Home.php(26): App\Models\TestimonialModel->getActive()
 8 SYSTEMPATH\CodeIgniter.php(943): App\Controllers\Home->index()
 9 SYSTEMPATH\CodeIgniter.php(503): CodeIgniter\CodeIgniter->runController(Object(App\Controllers\Home))
10 SYSTEMPATH\CodeIgniter.php(361): CodeIgniter\CodeIgniter->handleRequest(null, Object(Config\Cache), false)
11 FCPATH\index.php(44): CodeIgniter\CodeIgniter->run()
CRITICAL - 2026-07-05 20:28:48 --> [Caused by] mysqli_sql_exception: Unknown column 'position' in 'order clause'
in SYSTEMPATH\Database\MySQLi\Connection.php on line 306.
 1 SYSTEMPATH\Database\MySQLi\Connection.php(306): mysqli->query('SELECT *
FROM `testimonials`
WHERE `is_active` = 1
ORDER BY `position` ASC', 0)
 2 SYSTEMPATH\Database\BaseConnection.php(693): CodeIgniter\Database\MySQLi\Connection->execute('SELECT *
FROM `testimonials`
WHERE `is_active` = 1
ORDER BY `position` ASC')
 3 SYSTEMPATH\Database\BaseConnection.php(607): CodeIgniter\Database\BaseConnection->simpleQuery('SELECT *
FROM `testimonials`
WHERE `is_active` = 1
ORDER BY `position` ASC')
 4 SYSTEMPATH\Database\BaseBuilder.php(1616): CodeIgniter\Database\BaseConnection->query('SELECT *
FROM `testimonials`
WHERE `is_active` = :is_active:
ORDER BY `position` ASC', [...], false)
 5 SYSTEMPATH\Model.php(243): CodeIgniter\Database\BaseBuilder->get()
 6 SYSTEMPATH\BaseModel.php(641): CodeIgniter\Model->doFindAll(0, 0)
 7 APPPATH\Models\TestimonialModel.php(29): CodeIgniter\BaseModel->findAll()
 8 APPPATH\Controllers\Home.php(26): App\Models\TestimonialModel->getActive()
 9 SYSTEMPATH\CodeIgniter.php(943): App\Controllers\Home->index()
10 SYSTEMPATH\CodeIgniter.php(503): CodeIgniter\CodeIgniter->runController(Object(App\Controllers\Home))
11 SYSTEMPATH\CodeIgniter.php(361): CodeIgniter\CodeIgniter->handleRequest(null, Object(Config\Cache), false)
12 FCPATH\index.php(44): CodeIgniter\CodeIgniter->run()
INFO - 2026-07-05 20:29:02 --> Session: Class initialized using 'CodeIgniter\Session\Handlers\FileHandler' driver.
ERROR - 2026-07-05 20:29:02 --> mysqli_sql_exception: Unknown column 'position' in 'order clause' in C:\xampp1\htdocs\yesminegharbi\vendor\codeigniter4\framework\system\Database\MySQLi\Connection.php:306
Stack trace:
#0 C:\xampp1\htdocs\yesminegharbi\vendor\codeigniter4\framework\system\Database\MySQLi\Connection.php(306): mysqli->query('SELECT *\nFROM `...', 0)
#1 C:\xampp1\htdocs\yesminegharbi\vendor\codeigniter4\framework\system\Database\BaseConnection.php(693): CodeIgniter\Database\MySQLi\Connection->execute('SELECT *\nFROM `...')
#2 C:\xampp1\htdocs\yesminegharbi\vendor\codeigniter4\framework\system\Database\BaseConnection.php(607): CodeIgniter\Database\BaseConnection->simpleQuery('SELECT *\nFROM `...')
#3 C:\xampp1\htdocs\yesminegharbi\vendor\codeigniter4\framework\system\Database\BaseBuilder.php(1616): CodeIgniter\Database\BaseConnection->query('SELECT *\nFROM `...', Array, false)
#4 C:\xampp1\htdocs\yesminegharbi\vendor\codeigniter4\framework\system\Model.php(243): CodeIgniter\Database\BaseBuilder->get()
#5 C:\xampp1\htdocs\yesminegharbi\vendor\codeigniter4\framework\system\BaseModel.php(641): CodeIgniter\Model->doFindAll(0, 0)
#6 C:\xampp1\htdocs\yesminegharbi\app\Models\TestimonialModel.php(29): CodeIgniter\BaseModel->findAll()
#7 C:\xampp1\htdocs\yesminegharbi\app\Controllers\Home.php(26): App\Models\TestimonialModel->getActive()
#8 C:\xampp1\htdocs\yesminegharbi\vendor\codeigniter4\framework\system\CodeIgniter.php(943): App\Controllers\Home->index()
#9 C:\xampp1\htdocs\yesminegharbi\vendor\codeigniter4\framework\system\CodeIgniter.php(503): CodeIgniter\CodeIgniter->runController(Object(App\Controllers\Home))
#10 C:\xampp1\htdocs\yesminegharbi\vendor\codeigniter4\framework\system\CodeIgniter.php(361): CodeIgniter\CodeIgniter->handleRequest(NULL, Object(Config\Cache), false)
#11 C:\xampp1\htdocs\yesminegharbi\public\index.php(44): CodeIgniter\CodeIgniter->run()
#12 {main}
CRITICAL - 2026-07-05 20:29:02 --> CodeIgniter\Database\Exceptions\DatabaseException: Unknown column 'position' in 'order clause'
in SYSTEMPATH\Database\BaseConnection.php on line 647.
 1 SYSTEMPATH\Database\BaseBuilder.php(1616): CodeIgniter\Database\BaseConnection->query('SELECT *
FROM `testimonials`
WHERE `is_active` = :is_active:
ORDER BY `position` ASC', [...], false)
 2 SYSTEMPATH\Model.php(243): CodeIgniter\Database\BaseBuilder->get()
 3 SYSTEMPATH\BaseModel.php(641): CodeIgniter\Model->doFindAll(0, 0)
 4 APPPATH\Models\TestimonialModel.php(29): CodeIgniter\BaseModel->findAll()
 5 APPPATH\Controllers\Home.php(26): App\Models\TestimonialModel->getActive()
 6 SYSTEMPATH\CodeIgniter.php(943): App\Controllers\Home->index()
 7 SYSTEMPATH\CodeIgniter.php(503): CodeIgniter\CodeIgniter->runController(Object(App\Controllers\Home))
 8 SYSTEMPATH\CodeIgniter.php(361): CodeIgniter\CodeIgniter->handleRequest(null, Object(Config\Cache), false)
 9 FCPATH\index.php(44): CodeIgniter\CodeIgniter->run()
CRITICAL - 2026-07-05 20:29:02 --> [Caused by] CodeIgniter\Database\Exceptions\DatabaseException: Unknown column 'position' in 'order clause'
in SYSTEMPATH\Database\MySQLi\Connection.php on line 311.
 1 SYSTEMPATH\Database\BaseConnection.php(693): CodeIgniter\Database\MySQLi\Connection->execute('SELECT *
FROM `testimonials`
WHERE `is_active` = 1
ORDER BY `position` ASC')
 2 SYSTEMPATH\Database\BaseConnection.php(607): CodeIgniter\Database\BaseConnection->simpleQuery('SELECT *
FROM `testimonials`
WHERE `is_active` = 1
ORDER BY `position` ASC')
 3 SYSTEMPATH\Database\BaseBuilder.php(1616): CodeIgniter\Database\BaseConnection->query('SELECT *
FROM `testimonials`
WHERE `is_active` = :is_active:
ORDER BY `position` ASC', [...], false)
 4 SYSTEMPATH\Model.php(243): CodeIgniter\Database\BaseBuilder->get()
 5 SYSTEMPATH\BaseModel.php(641): CodeIgniter\Model->doFindAll(0, 0)
 6 APPPATH\Models\TestimonialModel.php(29): CodeIgniter\BaseModel->findAll()
 7 APPPATH\Controllers\Home.php(26): App\Models\TestimonialModel->getActive()
 8 SYSTEMPATH\CodeIgniter.php(943): App\Controllers\Home->index()
 9 SYSTEMPATH\CodeIgniter.php(503): CodeIgniter\CodeIgniter->runController(Object(App\Controllers\Home))
10 SYSTEMPATH\CodeIgniter.php(361): CodeIgniter\CodeIgniter->handleRequest(null, Object(Config\Cache), false)
11 FCPATH\index.php(44): CodeIgniter\CodeIgniter->run()
CRITICAL - 2026-07-05 20:29:02 --> [Caused by] mysqli_sql_exception: Unknown column 'position' in 'order clause'
in SYSTEMPATH\Database\MySQLi\Connection.php on line 306.
 1 SYSTEMPATH\Database\MySQLi\Connection.php(306): mysqli->query('SELECT *
FROM `testimonials`
WHERE `is_active` = 1
ORDER BY `position` ASC', 0)
 2 SYSTEMPATH\Database\BaseConnection.php(693): CodeIgniter\Database\MySQLi\Connection->execute('SELECT *
FROM `testimonials`
WHERE `is_active` = 1
ORDER BY `position` ASC')
 3 SYSTEMPATH\Database\BaseConnection.php(607): CodeIgniter\Database\BaseConnection->simpleQuery('SELECT *
FROM `testimonials`
WHERE `is_active` = 1
ORDER BY `position` ASC')
 4 SYSTEMPATH\Database\BaseBuilder.php(1616): CodeIgniter\Database\BaseConnection->query('SELECT *
FROM `testimonials`
WHERE `is_active` = :is_active:
ORDER BY `position` ASC', [...], false)
 5 SYSTEMPATH\Model.php(243): CodeIgniter\Database\BaseBuilder->get()
 6 SYSTEMPATH\BaseModel.php(641): CodeIgniter\Model->doFindAll(0, 0)
 7 APPPATH\Models\TestimonialModel.php(29): CodeIgniter\BaseModel->findAll()
 8 APPPATH\Controllers\Home.php(26): App\Models\TestimonialModel->getActive()
 9 SYSTEMPATH\CodeIgniter.php(943): App\Controllers\Home->index()
10 SYSTEMPATH\CodeIgniter.php(503): CodeIgniter\CodeIgniter->runController(Object(App\Controllers\Home))
11 SYSTEMPATH\CodeIgniter.php(361): CodeIgniter\CodeIgniter->handleRequest(null, Object(Config\Cache), false)
12 FCPATH\index.php(44): CodeIgniter\CodeIgniter->run()
INFO - 2026-07-05 20:30:00 --> Session: Class initialized using 'CodeIgniter\Session\Handlers\FileHandler' driver.
INFO - 2026-07-05 20:30:05 --> Session: Class initialized using 'CodeIgniter\Session\Handlers\FileHandler' driver.
INFO - 2026-07-05 20:30:16 --> Session: Class initialized using 'CodeIgniter\Session\Handlers\FileHandler' driver.
INFO - 2026-07-05 20:30:21 --> Session: Class initialized using 'CodeIgniter\Session\Handlers\FileHandler' driver.
INFO - 2026-07-05 20:30:23 --> Session: Class initialized using 'CodeIgniter\Session\Handlers\FileHandler' driver.
INFO - 2026-07-05 20:30:39 --> Session: Class initialized using 'CodeIgniter\Session\Handlers\FileHandler' driver.
INFO - 2026-07-05 20:30:41 --> Session: Class initialized using 'CodeIgniter\Session\Handlers\FileHandler' driver.
INFO - 2026-07-05 20:31:06 --> Session: Class initialized using 'CodeIgniter\Session\Handlers\FileHandler' driver.
INFO - 2026-07-05 20:31:10 --> Session: Class initialized using 'CodeIgniter\Session\Handlers\FileHandler' driver.
INFO - 2026-07-05 20:31:21 --> Session: Class initialized using 'CodeIgniter\Session\Handlers\FileHandler' driver.
INFO - 2026-07-05 20:31:33 --> Session: Class initialized using 'CodeIgniter\Session\Handlers\FileHandler' driver.
INFO - 2026-07-05 20:31:35 --> Session: Class initialized using 'CodeIgniter\Session\Handlers\FileHandler' driver.
INFO - 2026-07-05 20:32:07 --> Session: Class initialized using 'CodeIgniter\Session\Handlers\FileHandler' driver.
INFO - 2026-07-05 20:38:05 --> Session: Class initialized using 'CodeIgniter\Session\Handlers\FileHandler' driver.
INFO - 2026-07-05 20:38:11 --> Session: Class initialized using 'CodeIgniter\Session\Handlers\FileHandler' driver.
ERROR - 2026-07-05 20:43:22 --> mysqli_sql_exception: Table 'formations' already exists in C:\xampp1\htdocs\yesminegharbi\vendor\codeigniter4\framework\system\Database\MySQLi\Connection.php:306
Stack trace:
#0 C:\xampp1\htdocs\yesminegharbi\vendor\codeigniter4\framework\system\Database\MySQLi\Connection.php(306): mysqli->query('CREATE TABLE `f...', 0)
#1 C:\xampp1\htdocs\yesminegharbi\vendor\codeigniter4\framework\system\Database\BaseConnection.php(693): CodeIgniter\Database\MySQLi\Connection->execute('CREATE TABLE `f...')
#2 C:\xampp1\htdocs\yesminegharbi\vendor\codeigniter4\framework\system\Database\BaseConnection.php(607): CodeIgniter\Database\BaseConnection->simpleQuery('CREATE TABLE `f...')
#3 C:\xampp1\htdocs\yesminegharbi\vendor\codeigniter4\framework\system\Database\Forge.php(555): CodeIgniter\Database\BaseConnection->query('CREATE TABLE `f...')
#4 C:\xampp1\htdocs\yesminegharbi\app\Database\Migrations\2026-06-07-000001_CreateFormationsTable.php(30): CodeIgniter\Database\Forge->createTable('formations')
#5 C:\xampp1\htdocs\yesminegharbi\vendor\codeigniter4\framework\system\Database\MigrationRunner.php(865): App\Database\Migrations\CreateFormationsTable->up()
#6 C:\xampp1\htdocs\yesminegharbi\vendor\codeigniter4\framework\system\Database\MigrationRunner.php(181): CodeIgniter\Database\MigrationRunner->migrate('up', Object(stdClass))
#7 C:\xampp1\htdocs\yesminegharbi\vendor\codeigniter4\framework\system\Commands\Database\Migrate.php(84): CodeIgniter\Database\MigrationRunner->latest(NULL)
#8 C:\xampp1\htdocs\yesminegharbi\vendor\codeigniter4\framework\system\CLI\Commands.php(65): CodeIgniter\Commands\Database\Migrate->run(Array)
#9 C:\xampp1\htdocs\yesminegharbi\vendor\codeigniter4\framework\system\CLI\Console.php(46): CodeIgniter\CLI\Commands->run('migrate', Array)
#10 C:\xampp1\htdocs\yesminegharbi\spark(60): CodeIgniter\CLI\Console->run()
#11 {main}
INFO - 2026-07-05 20:45:26 --> Session: Class initialized using 'CodeIgniter\Session\Handlers\FileHandler' driver.
